smiles,sa_score,sc_score
OC(=O)c1c(F)cc(c(c1F)F)C(=O)N/N=C/c1cc(c(C(=O)O)c(c1F)F)F,2.829166743383574,2.8751674080210115
OC(=O)c1ccc(cc1Cl)C(=O)N/N=C/c1ccc(C(=O)O)cc1,1.9381481886054035,3.058019297677881
O=C(O)c1c(c(c(cc1)C(N(c1ccc(C(=O)O)cc1F)O)(O)O)F)F,2.9242236071107204,3.58432365074978
O=C(O)c1c(c(c(cc1F)[N][N]NC(=O)c1c(F)cc(C(=O)O)cc1F)F)F,3.2594784386335576,3.179943367694296
OC(=O)c1ccc(c(c1F)F)NC(=O)[N][N]c1ccc(C(=O)O)cc1,2.8627844940951945,2.99430892578613
CCc1cc(ccc1C(=O)N[N][N]c1cc(c(cc1CC)C(=O)O)CC)C(=O)O,3.0005776771200567,3.897185128514801
Cc1c(c(c(c(c1)C(=O)O)C)C)NNC(=O)Nc1cc(c(c(c1)C)C(=O)O)C,2.585677814932934,3.6658489459302097
O=C(O)c1c(Cl)cc(c(c1Cl)Cl)C(=O)N/N=C/c1ccc(C(=O)O)c(c1)Cl,2.477616346453406,3.222575019172159
Nc1c(ccc(c1)C(=O)O)C(=O)N(c1ccc(C(=O)O)cc1)C=C,2.459100496297712,3.325763358324404
Cc1c(C(=O)O)c(C)c(c(C)c1C(=O)O)[N][N]C(=O)Nc1c(C)c(c(C)c(c1)C(=O)O)C(=O)O,3.436132141374065,3.682965949216346
OC(=O)c1c(F)cc(c(c1F)F)C(=O)N[N][N]c1ccc(C(=O)O)c(c1F)F,3.2407374822926,3.2050567238738723
OC(=O)c1ccc(c(c1F)F)NC(=O)[N][N]c1c(F)cc(C(=O)O)cc1,2.9746266323208044,3.1333455392346226
O=C(O)c1c(cc(cc1)CCC(=O)Nc1ccc(C(=O)O)c(c1F)F)F,2.151106852101023,3.514961013046039
O=C(O)c1cc(c(c(c1)F)NNC(=O)Nc1ccc(C(=O)O)c(c1F)F)F,2.55553750029956,3.3639890342234784
Nc1cc(ccc1n1c(ccc1)c1cc(c(cc1)C(=O)O)N)C(=O)O,2.4036278248054046,3.706215788279085
O=C(O)c1ccc(cc1)CNC(=O)Nc1c(F)cc(C(=O)O)cc1,1.7834509858081995,3.143863510255917
OC(=O)c1cc(c(c(c1F)F)/C=N/NC(=O)c1c(F)c(c(C(=O)O)cc1)F)F,2.712065133020252,3.014113336612839
Nc1c(c(c(c(c1)C(=O)O)N)N)/C=N/NC(=O)c1cc(c(c(c1)N)C(=O)O)N,3.006997565452684,4.175356225024119
Cc1c(c(c(cc1C(=O)O)C(=O)O)C)NCC(=O)Nc1cc(c(C)c(c1C)C(=O)O)C(=O)O,2.773806519458944,3.511144168171424
Cc1c(c(c(cc1C(=O)O)C(=O)O)C)[C]([N][N][N]c1c(C)c(c(C)c(c1)C(=O)O)C(=O)O)C,3.5936050883319304,3.737467383527792
Cc1c(cc(c(c1)NNC(=O)Nc1ccc(C(=O)O)cc1)C)C(=O)O,2.1234670732807146,3.3040528176280604
O=C(O)c1c(F)cc(cc1F)/C=N/NC(=O)c1cc(c(C(=O)O)c(c1F)F)F,2.68107220162732,2.964969092507163
OC(=O)c1cc(c(c(c1F)F)NNC(=O)Nc1c(cc(C(=O)O)c(c1F)F)F)F,2.863465123950375,3.2666252545373844
OC(=O)c1c(F)c(F)c(c(F)c1F)NNC(=O)Nc1ccc(C(=O)O)cc1F,2.580343303498422,3.534330635390981
OC(=O)c1cc(c(c(c1F)F)[N][N]C(=O)Nc1c(cc(C(=O)O)c(c1F)F)F)F,3.36031977982082,3.057369152278936
CCCc1c(c(ccc1C(=O)O)CNNC(=O)c1c(CCC)cc(C(=O)O)cc1CCC)CCC,2.8845169474047125,4.599406962895654
O=C(O)c1c(F)cc(cc1F)C(=O)N/N=C/c1cc(c(C(=O)O)c(c1F)F)F,2.6949931995483176,2.8798491349109088
Nc1c(C(=O)O)cc(C(=O)O)cc1/C=N/NC(=O)c1cc(c(N)c(c1N)C(=O)O)C(=O)O,2.975695808330004,3.832728350696856
OC(=O)c1c(cc(c(c1)F)N(C(=O)O)Cc1c(F)cc(C(=O)O)cc1)F,2.4417860112027903,3.538814945104254
OC(=O)c1cc(c(c(c1F)F)NNC(=O)Nc1c(F)c(c(C(=O)O)cc1)F)F,2.6938555696106885,3.223119728581336
OC(=O)c1ccc(c(c1F)F)NC(=O)[N][N]c1c(F)cc(C(=O)O)cc1,2.9746266323208044,3.1333455392346226
Nc1cc(ccc1[C]1N=C[N]N1c1cc(c(cc1)C(=O)O)N)C(=O)O,3.1332779920294858,3.786566682368439
Cc1cc(c(C)cc1C(=O)O)NC(=O)NCc1cc(c(cc1)C(=O)O)C,2.0652785004526724,3.3089513907293515
OC(=O)c1cc(c(c(c1F)F)NNC(=O)Nc1c(cc(C(=O)O)c(c1F)F)F)F,2.863465123950375,3.2666252545373844
OC(=O)c1cc(c(c(c1F)F)NNC(=O)Nc1c(cc(C(=O)O)c(c1F)F)F)F,2.863465123950375,3.2666252545373844
Cc1c(C(=O)O)c(C)c(c(C)c1C(=O)O)NC(=O)NNc1c(C)c(cc(c1)C(=O)O)C(=O)O,2.8368773602460617,3.801374155485421
Nc1c(ccc(c1)C(=O)O)N(C(=O)c1ccc(C(=O)O)cc1)CCl,2.238271383871675,3.375052700001318
OC(=O)c1ccc(c(c1F)F)NNC(=O)Nc1c(F)cc(C(=O)O)cc1,2.3385699290241,3.200200679626065
OC(=O)c1c(F)cc(c(c1F)F)NC(=O)NNc1ccc(C(=O)O)c(c1F)F,2.703450580005697,3.181369260500731
Nc1c(ccc(c1)C(=O)O)C(=O)N(c1ccc(C(=O)O)cc1)C=C,2.459100496297712,3.325763358324404
OC(=O)c1cc(c(cc1F)NC(=O)NNc1c(F)cc(C(=O)O)cc1)F,2.320560038914211,3.398393061549493
O=C(O)c1c(Cl)cc(c(c1Cl)Cl)C(=O)N/N=C/c1ccc(C(=O)O)c(c1)Cl,2.477616346453406,3.222575019172159
O=C(O)c1cc(c(c(c1)F)NNC(=O)Nc1ccc(C(=O)O)cc1)F,2.221599652466235,3.3484325049087564
OC(=O)c1ccc(c(c1F)F)NC(=O)NCc1ccc(C(=O)O)cc1,1.9986643583485897,3.3060015128355533
OC(=O)c1ccc(cc1)/C=N/NC(=O)c1c(F)cc(C(=O)O)cc1,1.9568950417522544,3.217550069423524
O=C(O)c1c(c(c(cc1F)NNC(=O)Nc1c(F)cc(C(=O)O)cc1F)F)F,2.6818842598393786,3.5091322266139224
O=C(O)c1c(cc(cc1F)/C=N/NC(=O)c1cc(c(C(=O)O)c(c1F)F)F)F,2.68107220162732,2.964969092507163
Cc1cc(ccc1C(=O)O)[N][N]NC(=O)c1ccc(c(c1)C)C(=O)O,2.713582005407412,3.2277425913354216
OC(=O)c1c(F)cc(c(c1F)F)C(=O)N/N=C/c1cc(c(C(=O)O)c(c1F)F)F,2.829166743383574,2.8751674080210115
O=C(O)c1c(F)cc(cc1F)C(=O)N/N=C/c1cc(c(C(=O)O)cc1)F,2.354014324628496,3.1824852143008444
O=C(O)c1c(cc(cc1F)/C=N/NC(=O)c1cc(c(C(=O)O)c(c1F)F)F)F,2.68107220162732,2.964969092507163
OC(=O)c1ccc(c(c1F)F)NC(=O)NCc1ccc(C(=O)O)cc1,1.9986643583485897,3.3060015128355533
O=C(O)c1c(c(c(cc1F)NNC(=O)Nc1c(F)cc(C(=O)O)cc1F)F)F,2.6818842598393786,3.5091322266139224
O=C(O)c1cc(c(c(c1)F)NNC(=O)Cc1ccc(C(=O)O)cc1)F,2.208289018982072,3.2184206312732235
Cc1c(C(=O)O)cc(cc1C(=O)O)NC(=O)CNc1cc(c(C)c(c1)C(=O)O)C(=O)O,2.4144432071264426,3.66896654514969
OC(=O)c1cc(c(cc1F)/C=N/NC(=O)c1c(F)cc(C(=O)O)cc1)F,2.324185753199925,3.179646984005461
OC(=O)c1ccc(c(c1F)F)/C=N/NC(=O)c1c(F)cc(C(=O)O)cc1,2.345546412540584,3.373353285302343
Cc1c(c(c(cc1C(=O)O)C(=O)O)C)NNC(=O)Nc1cc(c(C)c(c1C)C(=O)O)C(=O)O,2.910305446113684,3.73612136615692
OC(=O)c1cc(c(c(c1F)F)NC(=O)[N][N]c1c(cc(C(=O)O)c(c1F)F)F)F,3.36031977982082,3.057369152278936
Nc1c(C(=O)O)c(N)c(c(N)c1C(=O)O)NNC(=N)Nc1cc(c(N)c(c1)C(=O)O)C(=O)O,3.421400794950893,4.151608543147449
O=C(O)c1cc(c(c(c1)F)NC(=O)NNc1ccc(C(=O)O)c(c1F)F)F,2.5287778849149447,3.3150243617606794
OC(=O)c1cc(c(c(c1F)F)NC(=O)NNc1c(cc(C(=O)O)c(c1F)F)F)F,2.863465123950375,3.2666252545373844
OC(=O)c1c(c(c(cc1Cl)C(=O)NNNc1c(Cl)cc(C(=O)O)cc1)Cl)Cl,2.756887500299559,3.656634384476976
OC(=O)c1ccc(cc1F)CNC(=O)Nc1ccc(C(=O)O)cc1F,1.9757998787105784,3.3950085644988937
O=C(O)C#C/C(=C/C#CC(=O)O)/C(=O)O,3.732931935371964,1.9651902528764256
O=C(O)c1ccc(cc1)/C=N/NC(=O)c1c(F)cc(C(=O)O)cc1,1.9568950417522544,3.217550069423524
O=C(O)c1cc(c(c(c1)F)/C=N/NC(=O)c1ccc(C(=O)O)cc1)F,2.169865942058996,3.094003183941685
OC(=O)c1ccc(c(c1Cl)Cl)[N][N]NC(=O)c1ccc(C(=O)O)cc1Cl,2.904410808144979,3.274799424392934
OC(=O)c1cc(c(c(c1F)F)NNC(=O)Nc1c(cc(C(=O)O)c(c1F)F)F)F,2.863465123950375,3.2666252545373844
OC(=O)c1cc(c(c(c1F)F)NC(=O)NNc1c(cc(C(=O)O)c(c1F)F)F)F,2.863465123950375,3.2666252545373844
OC(=O)c1ccc(c(c1Cl)Cl)[N][N]NC(=O)c1ccc(C(=O)O)cc1Cl,2.904410808144979,3.274799424392934
Nc1c(c(c(c(c1)C(=O)O)N)N)[N][N]NC(=O)c1cc(c(c(c1)N)C(=O)O)N,3.455867419922539,4.007103239653541
O=C(O)c1ccc(cc1)/C=N/NC(=O)c1c(F)cc(C(=O)O)cc1,1.9568950417522544,3.217550069423524
OC(=O)c1ccc(c(c1F)F)NC(=O)[N][N]c1c(F)cc(C(=O)O)cc1,2.9746266323208044,3.1333455392346226
O=C(O)C#C/C(=C(/C#CC(=O)O)\C)/C#N,4.014921284484391,2.261183533634421
OC(=O)c1cc(c(c(c1F)F)C(=O)N[N][N]c1c(F)c(c(C(=O)O)cc1)F)F,3.262685507240626,3.2509266970509176
Nc1cc(ccc1n1nccc1c1cc(c(cc1)C(=O)O)N)C(=O)O,2.4152927077485487,3.73459257589748
Cc1cc(c(C)cc1C(=O)O)[N][N]NC(=O)c1cc(c(cc1)C(=O)O)C,2.7816725663867388,3.104306581520067
OC(=O)c1ccc(cc1F)CNC(=O)Nc1ccc(C(=O)O)cc1F,1.9757998787105784,3.3950085644988937
OC(=O)c1ccc(c(c1F)F)NC(=O)NCc1ccc(C(=O)O)cc1,1.9986643583485897,3.3060015128355533
OC(=O)c1c(c(c(cc1Cl)/C=N/NC(=O)c1c(Cl)cc(C(=O)O)cc1)Cl)Cl,2.500358654145714,3.4965513174431075
OC(=O)c1cc(c(c(c1F)F)NNC(=O)Nc1c(cc(C(=O)O)c(c1F)F)F)F,2.863465123950375,3.2666252545373844
Cc1c(C(=O)O)c(C)c(c(C)c1C(=O)O)CNC(=O)Nc1cc(cc(c1)C(=O)O)C(=O)O,2.574150753384947,3.662905999776605
O=C(O)c1cc(c(c(c1)F)[N][N]NC(=O)c1ccc(C(=O)O)c(c1F)F)F,3.06691826953033,3.3898027442098906
OC(=O)c1cc(c(c(c1F)F)NNC(=O)Nc1c(cc(C(=O)O)c(c1F)F)F)F,2.863465123950375,3.2666252545373844
OC(=O)c1cc(c(cc1)NC(=O)NNc1ccc(C(=O)O)cc1F)F,2.148192638891574,3.0473214616362045
Nc1c(C(=O)O)c(N)c(c(N)c1C(=O)O)CNC(=O)Nc1cc(c(N)c(c1)C(=O)O)C(=O)O,3.016610097276474,3.916522265623952
Nc1c(ccc(c1)C(=O)O)n1nccc1c1ccc(C(=O)O)cc1,2.169386879764989,3.582497803985556
OC(=O)c1ccc(c(c1F)F)NC(=O)NNc1c(F)cc(C(=O)O)cc1,2.3487963026504737,3.2273455134780327
OC(=O)c1cc(c(cc1F)C(=O)N[N][N]c1c(F)cc(C(=O)O)cc1)F,2.886418720232891,3.252853425742866
O=C(O)c1cc(c(c(c1)F)[N][N][N][C](c1ccc(C(=O)O)cc1)Cl)F,3.228614132104245,3.066481316731171
OC(=O)c1c(F)c(F)c(c(F)c1F)NNC(=O)Nc1cc(c(C(=O)O)cc1)F,2.603988417843537,3.533413691153746
Cc1cc(ccc1C(=O)O)NC(=O)[N][N]c1ccc(c(c1)C)C(=O)O,2.789239018982073,3.177860765319924
O=C(O)c1c(F)cc(cc1F)C(=O)N/N=C/c1cc(c(C(=O)O)cc1)F,2.354014324628496,3.1824852143008444
OC(=O)c1c(F)cc(c(c1F)F)[N][N]NC(=O)c1cc(c(C(=O)O)c(c1F)F)F,3.374674233262117,3.165108136673872
Cc1cc(ccc1C(=O)O)NCC(=O)Nc1ccc(c(c1)C)C(=O)O,1.9663437701132924,3.37409567737392
OC(=O)c1c(F)cc(c(c1F)F)C(=O)N/N=C/c1cc(c(C(=O)O)c(c1F)F)F,2.829166743383574,2.8751674080210115
O=C(O)c1c(cc(cc1F)NC(=O)[N][N]c1cc(c(C(=O)O)c(c1F)F)F)F,3.3125709542260733,3.245924812352248
OC(=O)c1c(F)c(F)c(c(F)c1F)[N][N]NC(=O)c1cc(c(C(=O)O)cc1)F,3.1086582723133898,3.449643625640615
OC(=O)c1cc(c(cc1F)CNC(=O)Nc1c(F)cc(C(=O)O)cc1)F,2.148855863090036,3.506392125006123
OC(=O)c1cc(c(c(c1F)F)NC(=O)NNc1c(cc(C(=O)O)c(c1F)F)F)F,2.863465123950375,3.2666252545373844
OC(=O)c1c(c(c(cc1Cl)NNC(=O)Nc1c(Cl)cc(C(=O)O)cc1)Cl)Cl,2.5334086541457133,3.62768452697239
Cc1c(c(c(cc1C(=O)O)NNC(=O)Nc1cc(c(C)c(c1C)C(=O)O)C(=O)O)C)C(=O)O,2.9406768235734315,3.748680455144455
OC(=O)c1c(F)cc(c(c1F)F)C(O)(C(=O)c1ccc(C(=O)O)c(c1)F)O,2.885932335464396,3.23707905059726
OC(=O)c1ccc(c(c1F)F)C(=O)N[N][N]c1c(F)cc(C(=O)O)cc1,2.9354756433098146,3.295362597918522
Nc1c(ccc(c1)C(=O)O)C(=O)C1(c2ccc(C(=O)O)cc2)CC1,2.257685821741497,3.479662480170054
O=C(O)c1cc(c(c(c1)F)/C=N/NC(=O)c1ccc(C(=O)O)c(c1F)F)F,2.5424259618380223,3.413790396673331
OC(=O)c1cc(c(c(c1F)F)NC(=O)CNc1c(cc(C(=O)O)c(c1F)F)F)F,2.707974638120416,3.1809543857598768
Nc1c(C(=O)O)c(N)c(c(N)c1C(=O)O)/C=N/NC(=O)c1cc(cc(c1)C(=O)O)C(=O)O,2.9422820720662664,3.4633494831984595
OC(=O)c1cc(c(cc1F)C(=O)N[N][N]c1c(F)cc(C(=O)O)cc1)F,2.886418720232891,3.252853425742866
OC(=O)c1ccc(c(c1F)F)[N][N]C(=O)Nc1c(F)cc(C(=O)O)cc1,2.987695423529596,3.2726043299860565
O=C(O)c1ccc(cc1)C(=O)NNNc1c(F)cc(C(=O)O)cc1,2.245822314479529,3.0926785409565176
Nc1cc(ccc1n1cncc1c1cc(c(cc1)C(=O)O)N)C(=O)O,2.5044218047385165,3.809469189234736
Cc1c(c(c(cc1C(=O)O)C(=O)O)C)[N][N]NC(=O)c1cc(c(C)c(c1C)C(=O)O)C(=O)O,3.258951599959837,3.82660183065461
O=C(O)c1c(cc(c(c1)F)C(=O)N/N=C/c1cc(c(C(=O)O)cc1)F)F,2.312208830123001,3.090052581324363
Nc1c(c(c(c(c1)C(=O)O)N)N)NC(=O)NNc1cc(c(c(c1)N)C(=O)O)N,3.092480725535843,3.9865068846166847
OC(=O)c1cc(c(c(c1F)F)[N][N]C(=O)Nc1c(cc(C(=O)O)c(c1F)F)F)F,3.36031977982082,3.057369152278936
OC(=O)c1cc(c(c(c1F)F)NC(=O)NNc1c(cc(C(=O)O)c(c1F)F)F)F,2.863465123950375,3.2666252545373844
O=C(O)c1c(cc(c(c1)F)NNC(=O)Nc1cc(c(C(=O)O)cc1)F)F,2.362246852101024,3.452918386710239
Cc1c(c(c(cc1C(=O)O)C(=O)O)C)CNC(=O)Nc1cc(c(C)c(c1C)C(=O)O)C(=O)O,2.773772709083273,3.719743141295048
O=C(O)c1ccc(cc1)/C=N/NC(=O)c1c(F)cc(C(=O)O)cc1,1.9568950417522544,3.217550069423524
Nc1cc(ccc1c1cccn1c1cc(c(cc1)C(=O)O)N)C(=O)O,2.439820466945873,3.523387386767177
Cc1cc(c(C)cc1C(=O)O)C(=O)N/N=C/c1cc(c(cc1)C(=O)O)C,2.249626192760364,3.219310810931832
O=C(O)c1cc(c(c(c1)F)NC(=O)CNc1ccc(C(=O)O)cc1)F,2.024129064230941,3.1115099543067712
OC(=O)c1cc(c(cc1F)NC(=O)NNc1c(F)cc(C(=O)O)cc1)F,2.320560038914211,3.398393061549493
OC(=O)c1cc(c(c(c1F)F)[N][N]NC(=O)c1c(F)c(c(C(=O)O)cc1)F)F,3.188788209943328,3.0962545539325794
Nc1c(C(=O)O)c(N)c(c(N)c1C(=O)O)NNC(=O)Nc1cc(cc(c1)C(=O)O)C(=O)O,2.964757346791542,4.041410840464234
OC(=O)c1cc(c(c(c1F)F)[N][N]NC(=O)c1c(cc(C(=O)O)c(c1F)F)F)F,3.324658646217582,3.0924126898446613
O=C(O)c1cc(c(c(c1)F)[N][N]C(=O)Nc1ccc(C(=O)O)c(c1F)F)F,3.104981731068791,3.3064793966342982
OC(=O)c1ccc(c(c1F)F)NC(=O)NNc1ccc(C(=O)O)cc1,2.201034041606505,3.309767520187723
OC(=O)c1ccc(c(c1F)F)/C=N/NC(=O)c1c(F)cc(C(=O)O)cc1,2.345546412540584,3.373353285302343
Cc1c(c(ccc1C(=O)O)[N][N]C(=O)Nc1ccc(C(=O)O)cc1)C,2.75707725427619,3.222924732043144
OC(=O)c1c(c(c(cc1Cl)[N][N]NC(=O)c1c(Cl)cc(C(=O)O)cc1)Cl)Cl,3.02328750029956,3.336061739547807
Nc1c(C(=O)O)ccc(c1C(=O)O)NCC(=O)CCc1c(N)c(c(N)c(c1)C(=O)O)C(=O)O,3.03959754407186,3.9977533005143897
OC(=O)c1cc(c(c(c1F)F)[C]([N][N][N]c1c(cc(C(=O)O)c(c1F)F)F)Cl)F,3.68151046807993,3.24619548388296
O=C(O)c1cc(c(c(c1)F)C(=O)N/N=C/c1ccc(C(=O)O)cc1)F,2.180063227126869,2.97546009653861
O=C(O)C#C[C](/C(=N/[O])/C#CC(=O)O)C,4.503502349573148,2.2449529821590586
Cc1c(c(c(c(c1)C(=O)O)C)C)NNC(=O)Nc1cc(c(c(c1)C)C(=O)O)C,2.585677814932934,3.6658489459302097
OC(=O)c1cc(c(cc1F)[N][N]C(=O)Nc1c(F)cc(C(=O)O)cc1)F,2.957465313639485,3.337019582878128
Cc1c(C(=O)O)cc(cc1C(=O)O)NC(=O)CNc1cc(c(C)c(c1)C(=O)O)C(=O)O,2.4144432071264426,3.66896654514969
OC(=O)c1c(F)c(F)c(c(F)c1F)[N][N]C(=O)Cc1cc(c(C(=O)O)cc1)F,3.1844266714817904,3.5545607213720505
Cc1c(c(c(cc1C(=O)O)NNC(=O)Nc1cc(c(C)c(c1C)C(=O)O)C(=O)O)C)C(=O)O,2.9406768235734315,3.748680455144455
Nc1c(C(=O)O)c(N)c(c(N)c1C(=O)O)NNC(=O)Nc1cc(c(N)c(c1)C(=O)O)C(=O)O,3.130209739494722,3.917739048309772
OC(=O)c1ccc(c(c1F)F)/C=N/NC(=O)c1ccc(C(=O)O)cc1,2.180048973733204,2.99218225830801
CCc1cc(ccc1NC(=N)/C=N/c1cc(c(cc1CC)C(=O)O)CC)C(=O)O,3.0093638504404074,3.894925090301568
OC(=O)c1c(F)cc(c(c1F)F)/C=N/NC(=O)c1cc(c(C(=O)O)c(c1F)F)F,2.829166743383574,2.8751674080210115
OC(=O)c1ccc(c(c1F)F)C(=O)N[N][N]c1c(F)c(c(C(=O)O)cc1)F,3.1232625002995604,3.1219004575816003
OC(=O)c1c(F)cc(c(c1F)F)NC(=O)NCc1cc(c(C(=O)O)c(c1F)F)F,2.700760063221629,3.5447965165482067
O=C(O)c1c(c(c(cc1F)C(=O)N[N][N]c1c(F)cc(C(=O)O)cc1F)F)F,3.1859160685711867,3.215291461693732
Cc1c(cc(c(c1)C(=O)N/N=C/c1ccc(C(=O)O)cc1)C)C(=O)O,2.0968071185295827,3.082329972394034
O=C(O)c1c(F)cc(cc1F)C(=O)N/N=C/c1cc(c(C(=O)O)cc1)F,2.354014324628496,3.1824852143008444
OC(=O)c1ccc(c(c1F)F)NC(=O)NCc1ccc(C(=O)O)cc1,1.9986643583485897,3.3060015128355533
O=C(O)c1c(cc(cc1F)NNC(=O)Nc1cc(c(C(=O)O)c(c1F)F)F)F,2.7350946548497728,3.3252115141065333
OC(=O)c1c(F)c(F)c(c(F)c1F)[N][N]NC(=O)c1cc(c(C(=O)O)cc1)F,3.1086582723133898,3.449643625640615
OC(=O)c1c(c(c(cc1F)/N=C(\C)/[N][N]c1c(F)c(c(C(=O)O)cc1F)F)F)F,3.681304597634585,3.149275455730837
Cc1c(c(c(c(c1)C(=O)O)C)C)[N][N]NC(=O)c1cc(c(c(c1)C)C(=O)O)C,3.015355777510896,3.485232962720311
O=C(O)C#C/C(=C(/C#CC(=O)O)\C)/[C][N],4.473040811111609,2.2214892415837566
O=C(O)c1cc(c(c(c1)F)C(=O)N/N=C/c1ccc(C(=O)O)cc1)F,2.180063227126869,2.97546009653861
OC(=O)c1ccc(cc1F)NC(=O)[N][N]c1ccc(C(=O)O)cc1F,2.808676575543158,3.3225492289200367
O=C(O)c1c(c(c(cc1F)CNC(=O)Nc1c(cc(C(=O)O)cc1F)F)F)F,2.5288449667000847,3.596399996651149
Cc1c(c(ccc1C(=O)O)[N][N]NC(=O)c1ccc(C(=O)O)cc1)C,2.688408475995648,3.0871188227661954
Nc1c(C(=O)O)c(N)c(c(N)c1C(=O)O)NNC(=O)Nc1cc(cc(c1)C(=O)O)C(=O)O,2.964757346791542,4.041410840464234
OC(=O)c1cc(c(c(c1F)F)NC(=O)[N][N]c1c(cc(C(=O)O)c(c1F)F)F)F,3.36031977982082,3.057369152278936
Nc1c(ccc(c1)C(=O)O)c1nnnn1c1ccc(C(=O)O)cc1,2.178703068054313,3.4349938950116363
OC(=O)c1ccc(c(c1F)F)/C=N/NC(=O)c1c(F)cc(C(=O)O)cc1,2.345546412540584,3.373353285302343
Cc1c(C(=O)O)c(C)c(c(C)c1C(=O)O)[N][N]C(=O)Nc1c(C)c(c(C)c(c1)C(=O)O)C(=O)O,3.436132141374065,3.682965949216346
O=C(O)c1ccc(cc1)CNC(=O)Nc1c(F)cc(C(=O)O)cc1,1.7834509858081995,3.143863510255917
OC(=O)c1cc(c(c(c1F)F)[N][N]C(=O)Nc1c(F)c(c(C(=O)O)cc1)F)F,3.2258229292780483,3.0341955133769094
O=C(O)c1c(cc(cc1F)/C=N/NC(=O)c1cc(c(C(=O)O)c(c1F)F)F)F,2.68107220162732,2.964969092507163
Nc1cc(ccc1n1c(cnc1)c1cc(c(cc1)C(=O)O)N)C(=O)O,2.5044218047385165,3.809469189234736
OC(=O)c1cc(c(c(c1F)F)NC(=O)NNc1c(cc(C(=O)O)c(c1F)F)F)F,2.863465123950375,3.2666252545373844
Nc1c(c(c(c(c1)C(=O)O)N)N)[N][N]NC(=O)c1cc(c(c(c1)N)C(=O)O)N,3.455867419922539,4.007103239653541
Cc1c(C(=O)O)cc(C(=O)O)c(c1CNC(=O)Nc1c(C)c(c(C)c(c1)C(=O)O)C(=O)O)C,2.773772709083273,3.719743141295048
OC(=O)c1ccc(c(c1F)F)NC(=O)[N][N]c1c(F)c(c(C(=O)O)cc1)F,3.1613259618380205,3.0775212425639915
OC(=O)c1cc(c(c(c1F)F)NNC(=O)Nc1c(cc(C(=O)O)c(c1F)F)F)F,2.863465123950375,3.2666252545373844
Nc1c(c(c(c(c1)C(=O)O)N)N)NC(=O)NNc1cc(c(c(c1)N)C(=O)O)N,3.092480725535843,3.9865068846166847
OC(=O)c1cc(c(c(c1F)F)C(=O)N/N=C/c1c(F)c(c(C(=O)O)cc1)F)F,2.706904634059752,2.917758726203088
O=C(O)c1c(cc(cc1F)CC(=O)[N][N]c1cc(c(C(=O)O)c(c1F)F)F)F,3.327971993727112,3.068603106096558
Nc1cc(ccc1C1=NCN=C1c1cc(c(cc1)C(=O)O)N)C(=O)O,2.843100734504402,3.797265399236279
Cc1cc(c(C)cc1C(=O)O)NNC(=O)Nc1cc(c(cc1)C(=O)O)C,2.265786632320804,3.491584158329285
OC(=O)c1ccc(c(c1F)F)NC(=O)[N][N]c1c(F)cc(C(=O)O)cc1,2.9746266323208044,3.1333455392346226
O=C(O)c1ccc(cc1)/C=N/NC(=O)c1c(F)cc(C(=O)O)cc1,1.9568950417522544,3.217550069423524
OC(=O)c1cc(c(c(c1F)F)C(=O)N[N][N]c1c(cc(C(=O)O)c(c1F)F)F)F,3.324658646217582,3.0924126898446613
OC(=O)c1ccc(c(c1F)F)NC(=O)[N][N]c1ccc(C(=O)O)cc1,2.8627844940951945,2.99430892578613
OC(=O)c1ccc(c(c1F)F)NC(=O)NNc1c(F)cc(C(=O)O)cc1,2.3487963026504737,3.2273455134780327
OC(=O)c1c(F)cc(c(c1F)F)C(Cl)(C(=O)c1ccc(C(=O)O)c(c1)F)Cl,2.89719717062923,3.2353218475766896
Nc1c(ccc(c1)C(=O)O)c1nccn1c1ccc(C(=O)O)cc1,2.180294342451557,3.532747470639131
OC(=O)c1cc(c(c(c1F)F)NC(=O)NNc1c(cc(C(=O)O)c(c1F)F)F)F,2.863465123950375,3.2666252545373844
Nc1c(C(=O)O)cc(c(c1C(=O)O)N)C(=O)N[N][N]c1c(N)c(c(N)c(c1)C(=O)O)C(=O)O,3.578791313734436,3.735263676386425
OC(=O)c1ccc(cc1F)/C=N/NC(=O)c1ccc(C(=O)O)cc1F,2.145115942058995,3.3557229621163454
O=C(O)C#C/C=C(/C#CC(=O)O)\C1CC1,3.84009158034238,2.2638540940766707
O=C(O)c1cc(c(c(c1)F)[N][N]NC(=O)c1ccc(C(=O)O)cc1)F,2.7252107384390865,2.8611344193449124
OC(=O)c1c(F)c(F)c(c(F)c1F)NNC(=O)Nc1cc(c(C(=O)O)cc1)F,2.603988417843537,3.533413691153746
OC(=O)c1c(c(c(cc1F)/C=N/C(=O)Nc1c(F)c(c(C(=O)O)cc1F)F)F)F,3.0941912373106977,3.2358220224662166
CCc1cc(ccc1C(=O)N/N=C/c1cc(c(cc1CC)C(=O)O)CC)C(=O)O,2.536940091920446,3.5478459905430686
O=C(O)c1c(F)cc(cc1F)C(=O)N/N=C/c1cc(c(C(=O)O)cc1)F,2.354014324628496,3.1824852143008444
O=C(O)c1c(c(c(cc1F)[N][N]C(=O)Nc1c(F)cc(C(=O)O)cc1F)F)F,3.27603956129468,3.319031853181912
OC(=O)c1c(F)cc(c(c1F)F)NNC(=O)Nc1cc(c(C(=O)O)c(c1F)F)F,2.849772006541468,3.284435254543907
Cc1cc(ccc1C(=O)O)[N][N]C(=O)Nc1ccc(c(c1)C)C(=O)O,2.789239018982073,3.177860765319924
OC(=O)c1ccc(cc1)C(=O)N[N][N]c1c(F)cc(C(=O)O)cc1,2.5796195172767327,2.71934726120885
OC(=O)c1cc(c(c(c1Cl)Cl)[N][N]C(=O)Nc1ccc(C(=O)O)c(c1Cl)Cl)Cl,3.261016484371602,3.05450030833149
O=C(O)C#C/C(=C(/C#CC(=O)O)\Cl)/[C][N],4.585727201644154,1.9666424543591177
Cc1c(C(=O)O)cc(C(=O)O)c(c1C(=O)N/N=C/c1c(c(cc(c1C)C(=O)O)C(=O)O)C)C,2.862190061498298,3.687835896640076
O=C(O)c1c(c(c(cc1F)C(=O)N[N][N]c1c(F)cc(C(=O)O)cc1F)F)F,3.1859160685711867,3.215291461693732
O=C(O)c1ccc(cc1)NC(=O)NCc1ccc(C(=O)O)cc1,1.6176272729738326,2.80192576542177
OC(=O)c1c(F)cc(c(c1F)F)C(=O)N/N=C/c1cc(c(C(=O)O)c(c1F)F)F,2.829166743383574,2.8751674080210115
O=C(O)c1c(cc(c(c1)Cl)[N][N]C(=O)Nc1ccc(C(=O)O)c(c1Cl)Cl)Cl,3.118137500299559,3.132220566426388
CCc1c(ccc(c1)C(=O)O)[N][N]NC(=O)c1ccc(cc1CC)C(=O)O,2.8200253381373983,3.685160132978728
OC(=O)c1ccc(c(c1F)F)NC(=O)[N][N]c1c(F)c(c(C(=O)O)cc1)F,3.1613259618380205,3.0775212425639915
OC(=O)c1cc(c(cc1)NC(=O)[N][N]c1ccc(C(=O)O)cc1Cl)Cl,2.775950783687956,2.7433592516935863
OC(=O)c1ccc(cc1Cl)NNC(=O)Nc1ccc(C(=O)O)cc1,1.9979069298641448,3.1993527293259905
OC(=O)c1cc(c(c(c1F)F)NC(=O)NNc1c(cc(C(=O)O)cc1F)F)F,2.731578854433973,3.330037558756993
O=C(O)c1c(Cl)cc(c(c1Cl)Cl)NC(=O)CNc1ccc(C(=O)O)c(c1)Cl,2.3752163464534046,3.3861010761527863
Cc1c(ccc(c1)/C=N/NC(=O)c1ccc(C(=O)O)cc1)C(=O)O,1.940925810983023,3.033375059191367
O=C(O)c1ccc(cc1)CNC(=O)Nc1c(F)cc(C(=O)O)cc1,1.7834509858081995,3.143863510255917
O=C(O)c1c(F)cc(cc1F)CNC(=O)Nc1cc(c(C(=O)O)c(c1F)F)F,2.5499603513154696,3.348974299843168
OC(=O)c1cc(c(c(c1Cl)Cl)C(=O)NNNc1ccc(C(=O)O)c(c1Cl)Cl)Cl,3.006439977095096,3.1459191775775057
OC(=O)c1ccc(c(c1F)F)/C=N/NC(=O)c1c(F)cc(C(=O)O)cc1,2.345546412540584,3.373353285302343
OC(=O)c1ccc(cc1Cl)NC(=O)[N][N]c1c(Cl)cc(C(=O)O)cc1,2.765973408122344,2.914777426416196
O=C(O)c1c(cc(c(c1)F)C(=O)N/N=C/c1cc(c(C(=O)O)cc1)F)F,2.312208830123001,3.090052581324363
Cc1cc(c(C)c(c1[N][N]NC(=O)c1ccc(C(=O)O)cc1)C)C(=O)O,2.773238280672452,3.124309193776272
OC(=O)c1c(F)c(F)c(c(F)c1F)[N][N]C(=O)Nc1ccc(C(=O)O)cc1F,3.151508376263495,3.554063684607524
Cc1cc(ccc1C(=O)O)[N][N]C(=O)Nc1ccc(c(c1)C)C(=O)O,2.789239018982073,3.177860765319924
OC(=O)c1c(F)c(F)c(c(F)c1F)[N][N]C(=O)Nc1ccc(C(=O)O)cc1F,3.151508376263495,3.554063684607524
Cc1cc(c(C)c(c1[N][N]NC(=O)c1ccc(C(=O)O)cc1)C)C(=O)O,2.773238280672452,3.124309193776272
O=C(O)c1c(cc(c(c1)F)C(=O)N/N=C/c1cc(c(C(=O)O)cc1)F)F,2.312208830123001,3.090052581324363
OC(=O)c1cc(c(cc1)NNC(=O)Nc1ccc(C(=O)O)cc1Cl)Cl,2.136405082330489,3.137210984340625
OC(=O)c1ccc(cc1Cl)NCC(=O)Nc1c(Cl)cc(C(=O)O)cc1,1.961271598167592,3.3486002970418083
OC(=O)c1ccc(c(c1F)F)NCC(=O)Nc1c(F)cc(C(=O)O)cc1,2.166543335617506,3.246645877606717
Nc1cc(ccc1c1nccn1c1cc(c(cc1)C(=O)O)N)C(=O)O,2.4293836776482145,3.678960901692245
O=C(O)c1c(F)cc(cc1F)/C=N/NC(=O)c1cc(c(C(=O)O)c(c1F)F)F,2.68107220162732,2.964969092507163
O=C(O)c1ccc(cc1)/C=N/NC(=O)c1c(F)cc(C(=O)O)cc1,1.9568950417522544,3.217550069423524
Cc1c(ccc(c1)/C=N/NC(=O)c1ccc(C(=O)O)cc1)C(=O)O,1.940925810983023,3.033375059191367
Nc1c(C(=O)O)cc(c(c1C(=O)O)N)C(=O)N[N][N]c1c(N)c(c(N)c(c1)C(=O)O)C(=O)O,3.578791313734436,3.735263676386425
OC(=O)c1cc(c(c(c1F)F)NC(=O)NNc1c(cc(C(=O)O)cc1F)F)F,2.731578854433973,3.330037558756993
O=C(O)c1c(Cl)cc(c(c1Cl)Cl)NC(=O)NNc1ccc(C(=O)O)c(c1)Cl,2.5501451926072534,3.4571879492862463
OC(=O)c1ccc(c(c1F)F)C(=O)N/N=C/c1c(F)c(c(C(=O)O)cc1)F,2.552043269530328,2.880108550802379
OC(=O)c1ccc(cc1Cl)NC(=O)[N][N]c1ccc(C(=O)O)cc1,2.660197838955053,2.78282722602233
OC(=O)c1cc(c(cc1)[N][N]NC(=O)c1ccc(C(=O)O)cc1Cl)Cl,2.703502819887049,2.794733875602865
O=C(O)c1c(cc(c(c1)Cl)NC(=O)NNc1ccc(C(=O)O)c(c1Cl)Cl)Cl,2.532795192607251,3.161500644797516
CCc1c(c(ccc1C(=O)O)NNC(=O)Nc1ccc(cc1CC)C(=O)O)CC,2.558417404481304,3.967905262616735
OC(=O)c1c(F)cc(c(c1F)F)NC(=O)NNc1cc(c(C(=O)O)c(c1F)F)F,2.849772006541468,3.284435254543907
O=C(O)c1ccc(cc1)CN(NNc1ccc(C(=O)O)cc1)C,2.2731820806661407,2.9402626387035538
O=C(O)c1c(c(c(cc1F)/C=N/NC(=O)c1c(F)cc(C(=O)O)cc1F)F)F,2.6992275030826214,3.0241042647017142
OC(=O)c1ccc(cc1)/C=N/NC(=O)c1c(F)cc(C(=O)O)cc1,1.9568950417522544,3.217550069423524
Cc1cc(c(C)cc1C(=O)O)NNC(=O)Nc1cc(c(cc1)C(=O)O)C,2.265786632320804,3.491584158329285
O=C(O)c1c(c(c(cc1F)C(=O)N[N][N]c1c(F)cc(C(=O)O)cc1F)F)F,3.1859160685711867,3.215291461693732
O=C(O)c1ccc(cc1)C(=O)N/N=C/c1ccc(C(=O)O)cc1,1.773182321050756,2.452294139647836
Cc1c(c(ccc1C(=O)O)NNNC(=O)c1ccc(C(=O)O)cc1)C,2.4010865302942896,3.284148495387841
OC(=O)c1c(F)cc(c(c1F)F)[N][N]C(=O)Nc1ccc(C(=O)O)c(c1F)F,3.2991383138934323,3.134993049527259
Cc1c(C(=O)O)cc(C(=O)O)c(c1CNC(=O)Nc1c(C)c(c(C)c(c1)C(=O)O)C(=O)O)C,2.773772709083273,3.719743141295048
Cc1c(ccc(c1)/C=N/NC(=O)c1ccc(C(=O)O)cc1)C(=O)O,1.940925810983023,3.033375059191367
O=C(O)c1c(Cl)cc(c(c1Cl)Cl)C(=O)N/N=C/c1ccc(C(=O)O)c(c1)Cl,2.477616346453406,3.222575019172159
Nc1c(C(=O)O)cc(c(c1C(=O)O)N)/N=C/C(=O)Nc1c(N)c(c(N)c(c1)C(=O)O)C(=O)O,3.375360723394543,3.8195191779071216
O=C(O)c1cc(c(c(c1)F)NNC(=O)Nc1ccc(C(=O)O)c(c1F)F)F,2.55553750029956,3.3639890342234784
OC(=O)c1ccc(cc1Cl)CN.O=C(O)c1cc(c(cc1)C(=O)N)Cl,2.05286452288993,3.402977698768654
Cc1c(C(=O)O)c(C)c(c(C)c1C(=O)O)/C=N/NC(=O)c1cc(c(C)c(c1)C(=O)O)C(=O)O,2.8331260185644886,3.5354659490389366
Cc1c(c(c(c(c1)C(=O)O)C)C)/C=N/NC(=O)c1ccc(c(c1)C)C(=O)O,2.388814423376484,3.602613351302687
OC(=O)c1c(c(c(cc1F)/C=N/NC(=O)c1c(F)c(c(C(=O)O)cc1F)F)F)F,2.850537188727703,2.918911657735834
N#Cc1c(ccc(c1)C(=O)O)n1ccnc1c1cc(c(cc1)C(=O)O)C#N,2.5852828849149443,3.911748792378481
OC(=O)c1ccc(c(c1F)F)N/N=N\C(=O)c1c(F)cc(C(=O)O)cc1,2.767773005947177,3.505031635963964
O=C(O)c1c(cc(c(c1)F)CNC(=O)Nc1cc(c(C(=O)O)cc1)F)F,2.173852126826299,3.472013425912861
CCc1cc(ccc1/C=N/NC(=O)c1cc(c(cc1CC)C(=O)O)CC)C(=O)O,2.5496172097393366,3.6337034935666304
O=C(O)c1c(cc(c(c1)F)C(=O)N/N=C/c1cc(c(C(=O)O)cc1)F)F,2.312208830123001,3.090052581324363
Cc1cc(c(C)c(c1[N][N]NC(=O)c1ccc(C(=O)O)cc1)C)C(=O)O,2.773238280672452,3.124309193776272
O=C(O)c1ccc(cc1)NC(=O)[N][N]c1c(F)cc(C(=O)O)cc1,2.6503691676263816,2.9006396437202966
OC(=O)c1c(c(c(cc1F)NC(=O)[N][N]c1c(F)c(c(C(=O)O)cc1F)F)F)F,3.378019172533371,3.15660952095507
OC(=O)c1ccc(cc1Cl)NC(=O)NNc1c(Cl)cc(C(=O)O)cc1,2.135912322149494,3.2988677523728605
O=C(O)c1cc(c(c(c1)F)C(=O)N/N=C/c1ccc(C(=O)O)c(c1F)F)F,2.549345192607252,3.1744829038316915
O=C(O)c1ccc(cc1)CNC(=O)Nc1c(F)cc(C(=O)O)cc1,1.7834509858081995,3.143863510255917
OC(=O)c1ccc(cc1Cl)NC(=O)NNc1ccc(C(=O)O)cc1,1.9881663704235848,3.073839491777425
OC(=O)c1ccc(c(c1F)F)NC(=O)[N][N]c1c(F)c(c(C(=O)O)cc1)F,3.1613259618380205,3.0775212425639915
Cc1c(ccc(c1)NC(=O)NCc1ccc(C(=O)O)cc1)C(=O)O,1.7797565802137942,3.3372562597291013
O=C(O)c1c(c(c(c(c1)F)C(=O)N/N=C/c1ccc(C(=O)O)c(c1)F)F)F,2.523797115684175,3.0986520963008126
OC(=O)c1c(cc(cc1F)/C=N/NC(=O)c1c(F)cc(C(=O)O)cc1)F,2.341440038914209,3.13097291815781
Cc1cc(c(C)c(c1[N][N]NC(=O)c1ccc(C(=O)O)cc1)C)C(=O)O,2.773238280672452,3.124309193776272
O=C(O)c1ccc(cc1)NC(=O)NCc1ccc(C(=O)O)cc1,1.6176272729738326,2.80192576542177
OC(=O)c1cc(c(c(c1F)F)NNC(=O)Nc1c(cc(C(=O)O)c(c1F)F)F)F,2.863465123950375,3.2666252545373844
O=C(O)c1c(cc(c(c1)Cl)[N][N]NC(=O)c1ccc(C(=O)O)c(c1Cl)Cl)Cl,3.0527163464534057,3.20558464220346
O=C(O)c1c(c(c(cc1F)NNC(=O)Nc1c(F)cc(C(=O)O)cc1F)F)F,2.6818842598393786,3.5091322266139224
OC(=O)c1cc(c(cc1)/C=N/NC(=O)c1ccc(C(=O)O)cc1F)F,2.1443605121947424,3.0656617269846667
OC(=O)c1cc(c(c(c1Cl)Cl)C(=O)N[N][N]c1ccc(C(=O)O)c(c1Cl)Cl)Cl,3.255543511398629,3.058317457766366
OC(=O)c1ccc(cc1)/C=N/NC(=O)c1c(F)cc(C(=O)O)cc1,1.9568950417522544,3.217550069423524
O=C(O)C#C/C=C(/C#CC(=O)O)\CC#C,4.2797485034193015,2.5095161311538448
OC(=O)c1cc(c(c(c1Cl)Cl)NC(=O)NNc1ccc(C(=O)O)c(c1Cl)Cl)Cl,2.772022721377839,3.2594693114625617
O=C(O)c1c(cc(cc1)NC(=O)NNc1ccc(C(=O)O)c(c1F)F)F,2.3635661927603646,3.180939576829765
O=C(O)c1c(cc(c(c1)Cl)NC(=O)[N][N]c1ccc(C(=O)O)c(c1Cl)Cl)Cl,3.090443269530329,3.208669745845111
O=C(O)c1ccc(cc1)C(=O)N/N=C/c1ccc(C(=O)O)cc1,1.773182321050756,2.452294139647836
Cc1cc(c(C)cc1C(=O)O)[N][N]NC(=O)c1cc(c(cc1)C(=O)O)C,2.7816725663867388,3.104306581520067
O=C(O)c1c(c(c(cc1F)/C=N/NC(=O)c1c(F)cc(C(=O)O)cc1F)F)F,2.6992275030826214,3.0241042647017142
Cc1c(c(c(cc1C(=O)O)C(=O)O)C)CNC(=O)Nc1cc(c(C)c(c1C)C(=O)O)C(=O)O,2.773772709083273,3.719743141295048
Cc1c(ccc(c1)/C=N/NC(=O)c1ccc(C(=O)O)cc1)C(=O)O,1.940925810983023,3.033375059191367
OC(=O)c1ccc(c(c1F)F)NNC(=O)Nc1c(F)c(c(C(=O)O)cc1)F,2.53023173106879,3.018851430109648
O=C(O)c1c(c(c(cc1F)NC(=O)[N][N]c1c(cc(C(=O)O)cc1F)F)F)F,3.2626667962219145,3.2647701777957043
O=C(O)c1ccc(cc1)/C=N/NC(=O)c1c(F)cc(C(=O)O)cc1,1.9568950417522544,3.217550069423524
Cc1c(C(=O)O)c(C)c(c(C)c1C(=O)O)/C=N/C(=N)Nc1cc(c(C)c(c1C)C(=O)O)C(=O)O,3.380341581933507,3.578689816874413
OC(=O)c1ccc(cc1Cl)/C=N/NC(=O)c1c(Cl)cc(C(=O)O)cc1,2.088874086855375,3.246475821342225
OC(=O)c1ccc(c(c1F)F)NC(=O)NNc1c(F)cc(C(=O)O)cc1,2.3487963026504737,3.2273455134780327
OC(=O)c1cc(c(c(c1Cl)Cl)C(=O)N[N][N]c1c(Cl)cc(C(=O)O)cc1Cl)Cl,3.181850164205283,3.152068408769088
O=C(O)c1ccc(cc1)/C=N/NC(=O)c1c(F)cc(C(=O)O)cc1,1.9568950417522544,3.217550069423524
OC(=O)c1ccc(cc1)NC(=O)[N][N]c1c(F)cc(C(=O)O)cc1,2.6503691676263816,2.9006396437202966
Cc1c(c(c(c(c1)C(=O)O)C)C)/C=N/NC(=O)c1ccc(c(c1)C)C(=O)O,2.388814423376484,3.602613351302687
Cc1c(C(=O)O)c(C)c(c(C)c1C(=O)O)/N=C/C(=O)Nc1cc(cc(c1)C(=O)O)C(=O)O,2.936437017121211,3.3836092151697303
N#Cc1c(ccc(c1)C(=O)O)NN(c1cc(c(cc1)C(=O)O)C#N)C(=O)O,2.86779487648502,3.822756178776303
Cc1cc(c(C)c(c1/C=N/NC(=O)c1ccc(C(=O)O)cc1)C)C(=O)O,2.258891247705419,3.4585061763825165
OC(=O)c1ccc(c(c1F)F)NC(=O)CNc1c(F)cc(C(=O)O)cc1,2.173480258694429,3.2525547757191755
OC(=O)c1ccc(cc1Cl)NNC(=O)Nc1c(Cl)cc(C(=O)O)cc1,2.146490376448135,3.4890526504489805
CCc1c(ccc(c1)C(=O)O)NNC(=O)Nc1ccc(cc1CC)C(=O)O,2.325773778885837,3.696869664756642
O=C(O)c1c(c(c(cc1F)NC(=O)[N][N]c1c(cc(C(=O)O)cc1F)F)F)F,3.2626667962219145,3.2647701777957043
OC(=O)c1ccc(c(c1F)F)[N][N]C(=O)Nc1c(F)c(c(C(=O)O)cc1)F,3.1613259618380205,3.0775212425639915
OC(=O)c1cc(c(cc1)NC(=O)NNc1ccc(C(=O)O)cc1Cl)Cl,2.136405082330489,3.137210984340625
Cc1c(c(c(cc1C(=O)O)C(=O)O)C)NNC(=O)Nc1cc(c(C)c(c1C)C(=O)O)C(=O)O,2.910305446113684,3.73612136615692
O=C(O)c1c(Cl)cc(c(c1Cl)Cl)NC(=O)NNc1ccc(C(=O)O)c(c1)Cl,2.5501451926072534,3.4571879492862463
Cc1c(ccc(c1)NC(=O)NCc1ccc(C(=O)O)cc1)C(=O)O,1.7797565802137942,3.3372562597291013
O=C(O)c1c(c(c(cc1F)NC(=O)NNc1c(F)cc(C(=O)O)cc1F)F)F,2.7280724095275275,3.460961836762856
OC(=O)C#CN(CC#CC(=O)O)CCC,3.824327734188532,2.265555302180277
O=C(O)c1c(cc(c(c1)Cl)[N][N]NC(=O)c1ccc(C(=O)O)c(c1Cl)Cl)Cl,3.0527163464534057,3.20558464220346
CCc1c(ccc(c1)C(=O)O)NC(=O)NNc1ccc(cc1CC)C(=O)O,2.325773778885837,3.696869664756642
O=C(O)c1c(cc(cc1)CC(=O)[N][N]c1ccc(C(=O)O)c(c1F)F)F,3.0224947641889344,3.395092613406439
OC(=O)c1cc(c(c(c1Cl)Cl)C(=O)N/N=C/c1ccc(C(=O)O)c(c1Cl)Cl)Cl,2.7074753201304382,2.8039903611200154
OC(=O)c1ccc(cc1)C(=O)N[N][N]c1c(F)cc(C(=O)O)cc1,2.5796195172767327,2.71934726120885
CCc1c(ccc(c1)C(=O)O)C(=O)N[N][N]c1ccc(cc1CC)C(=O)O,2.8200253381373983,3.685160132978728
O=C(O)c1c(cc(c(c1)Cl)[N][N]C(=O)Nc1ccc(C(=O)O)c(c1Cl)Cl)Cl,3.118137500299559,3.132220566426388
O=C(O)c1ccc(cc1)NCC(=O)Nc1ccc(C(=O)O)cc1,1.6511695806661422,2.8081109859469096
OC(=O)c1c(cc(cc1F)/C=N/NC(=O)c1c(F)cc(C(=O)O)cc1)F,2.341440038914209,3.13097291815781
OC(=O)c1ccc(c(c1F)F)NNC(=O)Nc1c(F)c(c(C(=O)O)cc1)F,2.53023173106879,3.018851430109648
Cc1c(ccc(c1)/C=N/NC(=O)c1ccc(C(=O)O)cc1)C(=O)O,1.940925810983023,3.033375059191367
O=C(O)c1c(Cl)cc(c(c1Cl)Cl)/C=N/NC(=O)c1ccc(C(=O)O)c(c1)Cl,2.501510577222636,3.4132287888219546
O=C(O)c1ccc(cc1)CNC(=O)Nc1c(F)cc(C(=O)O)cc1,1.7834509858081995,3.143863510255917
OC(=O)c1ccc(c(c1F)F)C(=O)N/N=C/c1c(F)c(c(C(=O)O)cc1)F,2.552043269530328,2.880108550802379
OC(=O)c1c(cc(cc1F)/C=C/C(=O)Nc1c(F)cc(C(=O)O)cc1)F,2.2955894894636604,3.1485229787562403
OC(=O)c1ccc(cc1Cl)CNNC(=O)c1c(Cl)cc(C(=O)O)cc1,2.1408215981675927,3.3282161904690035
OC(=O)c1ccc(c(c1Cl)Cl)NNC(=O)Nc1ccc(C(=O)O)cc1Cl,2.4012079510021227,3.3106599598699105
O=C(O)c1c(cc(c(c1)F)NCC(=O)Nc1cc(c(C(=O)O)cc1)F)F,2.170863335617508,3.482768239740337
Cc1cc(c(C)c(c1[N][N]NC(=O)c1ccc(C(=O)O)cc1)C)C(=O)O,2.773238280672452,3.124309193776272
N#Cc1c(ccc(c1)C(=O)O)c1conc1c1cc(c(cc1)C(=O)O)C#N,2.725601654145713,4.118421071061974
O=C(O)c1ccc(cc1)NCC(=N)Nc1c(F)cc(C(=O)O)cc1,2.307708328465542,3.2312876567337017
Cc1c(c(c(c(c1)C(=O)O)C)C)NNC(=O)Nc1ccc(c(c1)C)C(=O)O,2.435656731068791,3.666661819720838
Cc1c(c(c(c(c1)C(=O)O)C)C)NNC(=O)Nc1ccc(c(c1)C)C(=O)O,2.435656731068791,3.666661819720838
O=C(O)c1ccc(cc1)NC(=O)NNc1c(F)cc(C(=O)O)cc1,1.9963817550389715,3.166542123131874
O=C(O)c1c(cc(c(c1)F)C(=O)N/N=C/c1cc(c(C(=O)O)cc1)F)F,2.312208830123001,3.090052581324363
OC(=O)c1cc(c(c(c1F)F)NNC(=O)Nc1c(cc(C(=O)O)cc1F)F)F,2.6924410165961348,3.4279465137516567
OC(=O)c1ccc(cc1Cl)NNC(=O)Nc1c(Cl)cc(C(=O)O)cc1,2.146490376448135,3.4890526504489805
OC(=O)c1ccc(c(c1Cl)Cl)/N=C(\C)/[N][N]c1ccc(C(=O)O)cc1Cl,3.283296961991132,3.2091564822923737
OC(=O)c1ccc(c(c1F)F)NC(=O)NNc1c(F)cc(C(=O)O)cc1,2.3487963026504737,3.2273455134780327
OC(=O)c1c(cc(cc1F)/C=N/C(=O)Nc1c(F)cc(C(=O)O)cc1)F,2.623774983969156,3.127941826724229
OC(=O)c1ccc(c(c1F)F)[N][N]C(=O)Nc1c(F)c(c(C(=O)O)cc1)F,3.1613259618380205,3.0775212425639915
Nc1c(C(=O)O)c(N)c(c(N)c1C(=O)O)C(=O)NNNc1c(N)c(c(N)c(c1)C(=O)O)C(=O)O,3.5435594141013382,3.7727187724973823
O=C(O)c1ccc(cc1)[N][N]C(=O)Nc1c(F)cc(C(=O)O)cc1,2.6737565802137944,2.666045886107745
Nc1c(C(=O)O)cc(c(c1C(=O)O)N)C(=O)N[N][N]c1c(N)c(c(N)c(c1)C(=O)O)C(=O)O,3.578791313734436,3.735263676386425
O=C(O)c1c(Cl)cc(c(c1Cl)Cl)C(=O)N/N=C/c1ccc(C(=O)O)c(c1)Cl,2.477616346453406,3.222575019172159
Cc1c(ccc(c1)/C=N/NC(=O)c1ccc(C(=O)O)cc1)C(=O)O,1.940925810983023,3.033375059191367
OC(=O)c1cc(c(c(c1F)F)NC(=O)NNc1c(cc(C(=O)O)cc1F)F)F,2.731578854433973,3.330037558756993
OC(=O)c1ccc(cc1Cl)/C=N/NC(=O)c1ccc(C(=O)O)cc1,1.9326663704235827,2.8659373024399617
OC(=O)c1c(cc(cc1F)/C=N/NC(=O)c1c(F)cc(C(=O)O)cc1)F,2.341440038914209,3.13097291815781
O=C(O)c1c(c(c(cc1F)C(=O)N[N][N]c1c(F)cc(C(=O)O)cc1F)F)F,3.1859160685711867,3.215291461693732
Cc1cc(c(C)cc1C(=O)O)NN.Cc1c(ccc(c1)C(=N)C)C(=O)O,2.483274512088096,3.269913428962442
CCc1c(ccc(c1)C(=O)O)NNC(=O)Nc1ccc(cc1CC)C(=O)O,2.325773778885837,3.696869664756642
O=C(O)c1ccc(cc1)CNC(=O)Nc1ccc(C(=O)O)cc1,1.6176272729738326,2.80192576542177
O=C(O)c1c(cc(cc1)CNC(=O)Nc1ccc(C(=O)O)c(c1F)F)F,2.181329049903221,3.3640607302531333
OC(=O)c1c(F)cc(c(c1F)F)NC(=O)[N][N]c1cc(c(C(=O)O)c(c1F)F)F,3.4494052049220354,2.9709614845239285
Cc1cc(c(C)c(c1[N][N]NC(=O)c1ccc(C(=O)O)cc1)C)C(=O)O,2.773238280672452,3.124309193776272
O=C(O)c1ccc(cc1)CNNC(=O)c1ccc(C(=O)O)cc1,1.820196503743066,2.9269223626529897
OC(=O)c1cc(c(cc1)NC(=O)NNc1ccc(C(=O)O)cc1F)F,2.148192638891574,3.0473214616362045
OC(=O)c1c(F)cc(c(c1F)F)[N][N]C(=O)Nc1ccc(C(=O)O)c(c1F)F,3.2991383138934323,3.134993049527259
O=C(O)c1c(c(c(c(c1)F)[N][N]NC(=O)c1ccc(C(=O)O)c(c1)F)F)F,3.0128355772226367,3.1385411967395047
Cc1c(ccc(c1)C(=O)N/N=C/c1ccc(C(=O)O)cc1)C(=O)O,1.9233978389550528,3.087896672945269
Cc1c(c(c(cc1C(=O)O)C(=O)O)C)C/C=N\C(=O)c1cc(c(C)c(c1C)C(=O)O)C(=O)O,3.162278075809569,3.616281453164219
Nc1c(C(=O)O)ccc(c1C(=O)O)NCC(=C=Cc1c(N)c(c(N)c(c1)C(=O)O)C(=O)O)C,3.42161929473499,4.159169422725629
O=C(O)c1cc(c(c(c1)F)C(=O)N[N][N]c1ccc(C(=O)O)c(c1F)F)F,3.120564423376483,3.3349231669689696
OC(=O)c1c(cc(cc1F)CNC(=O)Nc1c(F)cc(C(=O)O)cc1)F,2.176308830123002,3.3632720476046565
OC(=O)c1ccc(c(c1F)F)NC(=O)[N][N]c1c(F)c(c(C(=O)O)cc1)F,3.1613259618380205,3.0775212425639915
CCc1c(ccc(c1)C(=O)O)C(=O)N/N=C/c1ccc(cc1CC)C(=O)O,2.3217097456218045,3.635364567396187
Nc1cc(ccc1n1c(cnn1)c1cc(c(cc1)C(=O)O)N)C(=O)O,2.5314539117619272,3.947015164438613
O=C(O)c1c(F)cc(cc1F)NC(=O)[N][N]c1cc(c(C(=O)O)c(c1F)F)F,3.3125709542260733,3.245924812352248
OC(=O)c1ccc(c(c1Cl)Cl)NC(=O)NNc1ccc(C(=O)O)cc1Cl,2.3769178411120127,3.1770369970803403
O=C(O)c1c(c(c(c(c1)F)NN/C(=C/c1ccc(C(=O)O)c(c1)F)/Cl)F)F,3.0007586541457147,3.452839103186004
OC(=O)c1cc(c(c(c1F)F)C(=O)N[N][N]c1c(cc(C(=O)O)cc1F)F)F,3.207864093519212,3.314053926960975
Cc1c(C(=O)O)c(C)c(c(C)c1C(=O)O)[N][N]NC(=O)c1cc(c(C)c(c1C)C(=O)O)C(=O)O,3.35390329522022,3.9430764628619177
OC(=O)c1ccc(c(c1F)F)/C=N/NC(=O)c1c(F)cc(C(=O)O)cc1,2.345546412540584,3.373353285302343
OC(=O)c1c(c(c(cc1F)/C=N/NC(=O)c1c(F)c(c(C(=O)O)cc1F)F)F)F,2.850537188727703,2.918911657735834
OC(=O)c1cc(c(cc1)NNC(=O)Nc1ccc(C(=O)O)cc1Cl)Cl,2.136405082330489,3.137210984340625
OC(=O)c1c(c(c(cc1F)/C=N/NC(=O)c1c(F)c(c(C(=O)O)cc1F)F)F)F,2.850537188727703,2.918911657735834
OC(=O)c1ccc(cc1)NC(=O)NNc1c(F)cc(C(=O)O)cc1,1.9963817550389715,3.166542123131874
OC(=O)c1ccc(c(c1F)F)[N][N]NC(=O)c1c(F)cc(C(=O)O)cc1,2.9330861927603635,3.49331024958466
Cc1c(C(=O)O)c(C)c(c(C)c1C(=O)O)CNNC(=O)c1cc(c(C)c(c1C)C(=O)O)C(=O)O,2.978648924590848,3.6700372737289326
OC(=O)c1ccc(cc1Cl)CCC(=O)Nc1c(Cl)cc(C(=O)O)cc1,1.912993317624604,3.494630989035785
OC(=O)c1c(F)c(F)c(c(F)c1F)NNC(=O)Nc1ccc(C(=O)O)cc1F,2.580343303498422,3.534330635390981
OC(=O)c1cc(c(c(c1F)F)NC(=O)NNc1c(cc(C(=O)O)cc1F)F)F,2.731578854433973,3.330037558756993
OC(=O)c1ccc(c(c1Cl)Cl)NNC(=O)Nc1ccc(C(=O)O)cc1Cl,2.4012079510021227,3.3106599598699105
OC(=O)c1ccc(c(c1F)F)C(=O)N[N][N]c1c(F)c(c(C(=O)O)cc1)F,3.1232625002995604,3.1219004575816003
Nc1cc(ccc1c1nccn1c1cc(c(cc1)C(=O)O)N)C(=O)O,2.4293836776482145,3.678960901692245
O=C(O)c1cc(c(c(c1)F)NNC(=O)Nc1ccc(C(=O)O)c(c1F)F)F,2.55553750029956,3.3639890342234784
OC(=O)c1cc(c(c(c1Cl)Cl)NNC(=O)Nc1c(Cl)cc(C(=O)O)cc1Cl)Cl,2.692298812853931,3.531906783997937
OC(=O)c1c(cc(cc1)/C(=C/c1c(F)c(c(C(=O)O)cc1)F)/C(=O)O)F,2.516416780433561,3.1284104570541853
Cc1c(ccc(c1)C(=O)N/N=C/c1ccc(C(=O)O)cc1)C(=O)O,1.9233978389550528,3.087896672945269
O=C(O)c1c(c(c(c(c1)F)NNC(=O)Nc1ccc(C(=O)O)c(c1)F)F)F,2.534433654145716,3.389379041772244
OC(=O)c1cc(c(c(c1F)F)[N][N]C(=N)Nc1c(cc(C(=O)O)cc1F)F)F,3.379459103914222,3.507248412174363
Cc1c(c(ccc1C(=O)O)NNC(=O)Cc1ccc(C(=O)O)cc1)C,2.145671824411936,3.1968744024431444
OC(=O)c1c(F)cc(c(c1F)F)NNC(=O)Nc1ccc(C(=O)O)c(c1F)F,2.6832988128539306,3.2419657169841125
Cc1cc(c(C)c(c1[N][N]NC(=O)c1ccc(C(=O)O)cc1)C)C(=O)O,2.773238280672452,3.124309193776272
Cc1c(C(=O)O)c(C)c(c(C)c1C(=O)O)NC(=N)NNc1c(C)c(c(C)c(c1)C(=O)O)C(=O)O,3.298501372143296,3.5650972982127964
OC(=O)c1c(F)cc(c(c1F)F)C(=O)N/N=C/c1cc(c(C(=O)O)c(c1F)F)F,2.829166743383574,2.8751674080210115
Cc1c(c(c(c(c1)C(=O)O)C)C)NNC(=O)Nc1ccc(c(c1)C)C(=O)O,2.435656731068791,3.666661819720838
CCc1c(c(ccc1C(=O)O)NC(=O)NNc1ccc(cc1CC)C(=O)O)CC,2.565799682962316,3.997697187174575
OC(=O)c1c(cc(c(c1)F)/C(=N/c1c(F)cc(C(=O)O)cc1)/C(=O)N)F,2.6684134359519547,3.3813975601562016
O=C(O)c1c(cc(cc1)/C=N/NC(=O)c1ccc(C(=O)O)c(c1F)F)F,2.361265753199924,3.1156491443351184
OC(=O)c1c(F)cc(c(c1F)F)/C=N/NC(=O)c1cc(c(C(=O)O)c(c1F)F)F,2.829166743383574,2.8751674080210115
O=C(O)c1ccc(cc1)/C=N/NC(=O)c1ccc(C(=O)O)cc1,1.773182321050756,2.452294139647836
CCCc1c(c(ccc1C(=O)O)/N=C/N=C(/c1c(CCC)cc(C(=O)O)cc1CCC)\C)CCC,3.288257812789328,4.318015071784989
OC(=O)c1c(F)cc(c(c1F)F)C(=O)N/N=C/c1ccc(C(=O)O)c(c1F)F,2.684956609111726,2.976133723994999
Cc1c(c(ccc1C(=O)O)[N][N]C(=O)Nc1ccc(C(=O)O)cc1)C,2.75707725427619,3.222924732043144
OC(=O)c1cc(c(cc1)NNC(=O)Nc1ccc(C(=O)O)cc1Cl)Cl,2.136405082330489,3.137210984340625
Cc1c(c(c(cc1C(=O)O)C(=O)O)C)[N][N]NC(=O)c1cc(c(C)c(c1C)C(=O)O)C(=O)O,3.258951599959837,3.82660183065461
O=C(O)c1c(c(c(c(c1)F)C(=O)N/N=C/c1ccc(C(=O)O)c(c1)F)F)F,2.523797115684175,3.0986520963008126
Nc1cc(ccc1c1cccn1c1cc(c(cc1)C(=O)O)N)C(=O)O,2.439820466945873,3.523387386767177
OC(=O)c1ccc(cc1)NC(=O)NNc1c(F)cc(C(=O)O)cc1,1.9963817550389715,3.166542123131874
Cc1c(C(=O)O)c(C)c(c(C)c1C(=O)O)[N][N]C(=O)Nc1cc(c(C)c(c1C)C(=O)O)C(=O)O,3.436132141374065,3.682965949216346
O=C(O)c1cc(c(c(c1)F)NNC(=O)Nc1ccc(C(=O)O)c(c1F)F)F,2.55553750029956,3.3639890342234784
O=C(O)c1c(F)cc(cc1F)/C=N/NC(=O)c1cc(c(C(=O)O)c(c1F)F)F,2.68107220162732,2.964969092507163
OC(=O)c1ccc(c(c1F)F)NNC(=O)Nc1c(F)cc(C(=O)O)cc1,2.3385699290241,3.200200679626065
O=C(O)c1c(c(c(c(c1)F)[N][N]NC(=O)c1ccc(C(=O)O)c(c1)F)F)F,3.0128355772226367,3.1385411967395047
OC(=O)c1cc(c(c(c1F)F)NC(=O)[N][N]c1c(cc(C(=O)O)cc1F)F)F,3.24448904154416,3.3087310357102804
OC(=O)c1ccc(c(c1F)F)[N][N]NC(=O)c1c(F)cc(C(=O)O)cc1,2.9330861927603635,3.49331024958466
OC(=O)c1c(F)c(F)c(c(F)c1F)NC(=O)[N][N]c1ccc(C(=O)O)cc1F,3.1950676278227457,3.299436022623828
Cc1cc(ccc1C(=O)O)NNC(=O)Nc1ccc(c(c1)C)C(=O)O,2.1461768017875027,3.3283806734511603
OC(=O)c1c(c(c(cc1F)C(=O)N[N][N]c1c(F)c(c(C(=O)O)cc1F)F)F)F,3.3032882008734523,3.05605510730834
OC(=O)c1ccc(cc1)/C=N/NC(=O)c1c(F)cc(C(=O)O)cc1,1.9568950417522544,3.217550069423524
OC(=O)c1ccc(cc1)NNC(=O)Nc1c(F)cc(C(=O)O)cc1,1.991953083710298,2.888508073529449
OC(=O)c1c(c(c(cc1F)C(=O)N[N][N]c1c(F)c(c(C(=O)O)cc1F)F)F)F,3.3032882008734523,3.05605510730834
OC(=O)c1cc(c(cc1)NNC(=O)Nc1ccc(C(=O)O)cc1Cl)Cl,2.136405082330489,3.137210984340625
OC(=O)c1ccc(cc1Cl)C(=O)N/N=C/c1c(Cl)cc(C(=O)O)cc1,2.104677028031844,3.243358201036699
CCc1cc(ccc1C(=O)N/N=C/c1cc(c(cc1CC)C(=O)O)CC)C(=O)O,2.536940091920446,3.5478459905430686
OC(=O)c1ccc(c(c1F)F)[N][N]C(=O)Nc1c(F)cc(C(=O)O)cc1,2.987695423529596,3.2726043299860565
OC(=O)c1ccc(c(c1Cl)Cl)NC(=O)[N][N]c1ccc(C(=O)O)cc1Cl,2.9981908081449795,3.023463267601664
O=C(O)c1c(c(c(c(c1)F)[N][N]NC(=O)c1ccc(C(=O)O)c(c1)F)F)F,3.0128355772226367,3.1385411967395047
O=C(O)c1c(F)cc(cc1F)NC(=O)NCc1cc(c(C(=O)O)c(c1F)F)F,2.5524077525628712,3.5946655594317587
Cc1c(c(c(cc1C(=O)O)C(=O)O)C)CNNC(=O)c1c(C)c(c(C)c(c1)C(=O)O)C(=O)O,2.896386841462519,3.793143648391149
Cc1c(c(cc(c1C(=O)O)C)COC(=O)NNCc1c(c(c(C(=O)O)cc1)C)C(=O)O)C(=O)O,2.984833400115324,3.365888580955673
OC(=O)c1ccc(c(c1F)F)NNC(=O)Nc1c(F)c(c(C(=O)O)cc1)F,2.53023173106879,3.018851430109648
Cc1c(ccc(c1)NNC(=O)Nc1ccc(C(=O)O)cc1)C(=O)O,1.9979992375564528,3.2201751675372714
O=C(O)c1c(c(c(c(c1)F)[N][N]NC(=O)c1ccc(C(=O)O)c(c1)F)F)F,3.0128355772226367,3.1385411967395047
Cc1c(C(=O)O)cc(cc1C(=O)O)N/N=C\C(=O)c1cc(c(C)c(c1C)C(=O)O)C(=O)O,2.936740313824508,3.631225583593212
Cc1c(c(ccc1C(=O)O)CNC(=O)Nc1ccc(C(=O)O)cc1)C,1.9744783854979104,3.335277593448104
OC(=O)c1cc(c(cc1)NNC(=O)Nc1ccc(C(=O)O)cc1F)F,2.148192638891574,3.0473214616362045
O=C(O)c1ccc(cc1)[N][N]C(=O)Nc1ccc(C(=O)O)cc1,2.525677513358449,2.299038479732797
OC(=O)c1cc(c(c(c1F)F)NC(=O)NNc1c(cc(C(=O)O)c(c1F)F)F)F,2.863465123950375,3.2666252545373844
O=C(O)C#C/C(=C(/C#CC(=O)O)\C)/CC,3.951931935371963,2.048687022740024
OC(=O)c1c(F)cc(c(c1F)F)/C=N/NC(=O)c1cc(c(C(=O)O)c(c1F)F)F,2.829166743383574,2.8751674080210115
CCc1c(c(ccc1C(=O)O)NNC(=O)Nc1ccc(cc1CC)C(=O)O)CC,2.558417404481304,3.967905262616735
CCc1c(c(ccc1C(=O)O)NNC(=O)Nc1ccc(cc1CC)C(=O)O)CC,2.558417404481304,3.967905262616735
O=C(O)c1c(cc(cc1)/C=N/NC(=O)c1ccc(C(=O)O)c(c1F)F)F,2.361265753199924,3.1156491443351184
Cc1cc(c(C)c(c1[N][N]NC(=O)c1ccc(C(=O)O)cc1)C)C(=O)O,2.773238280672452,3.124309193776272
Cc1c(C(=O)O)c(C)c(c(C)c1C(=O)O)[N][N]C(=O)Nc1c(C)c(c(C)c(c1)C(=O)O)C(=O)O,3.436132141374065,3.682965949216346
OC(=O)c1c(F)cc(c(c1F)F)C(=O)N/N=C/c1cc(c(C(=O)O)c(c1F)F)F,2.829166743383574,2.8751674080210115
Cc1c(c(c(c(c1)C(=O)O)C)C)NNC(=O)Nc1ccc(c(c1)C)C(=O)O,2.435656731068791,3.666661819720838
O=C(O)C#C/C(=C(/C#CC(=O)O)\C)/CC,3.951931935371963,2.048687022740024
Cc1c(c(ccc1C(=O)O)NNNC(=O)c1ccc(C(=O)O)cc1)C,2.4010865302942896,3.284148495387841
OC(=O)c1c(F)cc(c(c1F)F)[N][N]C(=O)Nc1ccc(C(=O)O)c(c1F)F,3.2991383138934323,3.134993049527259
O=C(O)c1c(Cl)cc(c(c1Cl)Cl)NC(=O)[N][N]c1ccc(C(=O)O)c(c1)Cl,3.17123173106879,3.2282933501507745
Cc1c(c(c(cc1C(=O)O)C(=O)O)C)NNC(=O)Nc1cc(c(C)c(c1C)C(=O)O)C(=O)O,2.910305446113684,3.73612136615692
Cc1c(ccc(c1)[N][N]NC(=O)c1ccc(C(=O)O)cc1)C(=O)O,2.589798538255753,3.010411018895798
O=C(O)c1ccc(cc1)C(=O)N/N=C/c1c(F)cc(C(=O)O)cc1,1.9698307060879203,2.701238334799446
OC(=O)c1cc(c(c(c1Cl)Cl)C(=O)N[N][N]c1c(Cl)cc(C(=O)O)cc1Cl)Cl,3.181850164205283,3.152068408769088
OC(=O)c1ccc(c(c1F)F)NC(=O)NNc1c(F)c(c(C(=O)O)cc1)F,2.53023173106879,3.018851430109648
CCc1c(ccc(c1)C(=O)O)/C=N/NC(=O)c1ccc(cc1CC)C(=O)O,2.3217097456218045,3.635364567396187
Nc1cc(ccc1c1nccn1c1cc(c(cc1)C(=O)O)N)C(=O)O,2.4293836776482145,3.678960901692245
O=C(O)c1cc(c(c(c1)F)C(=O)N/N=C/c1ccc(C(=O)O)c(c1F)F)F,2.549345192607252,3.1744829038316915
OC(=O)c1c(cc(cc1F)CCC(=O)Nc1c(F)cc(C(=O)O)cc1)F,2.1459541048482755,3.475693472651713
Cc1c(c(c(cc1C(=O)O)C(=O)O)C)NN/C(=N/c1c(C)c(c(C)c(c1)C(=O)O)C(=O)O)/C,3.2282791491548286,3.521408187588505
Cc1c(C(=O)O)c(C)c(c(C)c1C(=O)O)/C=N/NC(=O)c1cc(c(C)c(c1)C(=O)O)C(=O)O,2.8331260185644886,3.5354659490389366
OC(=O)c1cc(c(cc1)NNC(=O)Nc1ccc(C(=O)O)cc1Cl)Cl,2.136405082330489,3.137210984340625
OC(=O)c1c(c(c(cc1F)/C=N/NC(=O)c1c(F)c(c(C(=O)O)cc1F)F)F)F,2.850537188727703,2.918911657735834
Cc1c(c(c(c(c1)C(=O)O)C)C)NNNC(=O)c1ccc(c(c1)C)C(=O)O,2.649477884914946,3.70626859345085
Cc1c(c(cc(c1C(=O)O)C)C[N][N]C(=O)NCc1c(c(c(C(=O)O)cc1)C)C(=O)O)C(=O)O,3.3998564770384005,3.56616627788346
Cc1cc(ccc1C(=O)O)NC(=O)[N][N]c1ccc(c(c1)C)C(=O)O,2.789239018982073,3.177860765319924
OC(=O)c1ccc(cc1Cl)[N][N]C(=O)Nc1c(Cl)cc(C(=O)O)cc1,2.804111417172118,2.99283073897073
OC(=O)c1c(F)c(F)c(c(F)c1F)NNC(=O)Nc1ccc(C(=O)O)cc1F,2.580343303498422,3.534330635390981
O=C(O)c1ccc(cc1)C(=O)NNNc1c(F)cc(C(=O)O)cc1,2.245822314479529,3.0926785409565176
CCc1cc(ccc1NNC(=O)Nc1cc(c(cc1CC)C(=O)O)CC)C(=O)O,2.5756462262924043,3.886998463699205
O=C(O)c1cc(c(cc1F)/C(=C/c1c(cc(C(=O)O)c(c1)F)F)/C(=O)O)F,2.6705424298770257,3.275078884433755
OC(=O)c1ccc(cc1)CNC(=O)Nc1c(F)cc(C(=O)O)cc1,1.7834509858081995,3.143863510255917
Cc1c(c(c(c(c1)C(=O)O)C)C)NNC(=O)Nc1ccc(c(c1)C)C(=O)O,2.435656731068791,3.666661819720838
OC(=O)c1c(c(c(cc1F)C(=O)N[N][N]c1c(F)c(c(C(=O)O)cc1F)F)F)F,3.3032882008734523,3.05605510730834
O=C(O)c1c(c(c(c(c1)F)NC(=O)CNc1ccc(C(=O)O)c(c1)F)F)F,2.3885567310687907,3.346344509466908
O=C(O)c1cc(c(c(c1)F)NNC(=O)Nc1ccc(C(=O)O)c(c1F)F)F,2.55553750029956,3.3639890342234784
CCc1c(ccc(c1)C(=O)O)NC(=O)NNc1ccc(cc1CC)C(=O)O,2.325773778885837,3.696869664756642
Nc1cc(ccc1[C]1N=C[N]N1c1cc(c(cc1)C(=O)O)N)C(=O)O,3.1332779920294858,3.786566682368439
O=C(O)c1c(F)cc(cc1F)NCC(=O)Nc1cc(c(C(=O)O)c(c1F)F)F,2.565664509319628,3.143545806284038
O=C(O)c1ccc(cc1)/C=N/NC(=O)c1c(F)cc(C(=O)O)cc1,1.9568950417522544,3.217550069423524
OC(=O)c1cc(c(c(c1Cl)Cl)C(=O)N[N][N]c1c(Cl)cc(C(=O)O)cc1Cl)Cl,3.181850164205283,3.152068408769088
Cc1c(ccc(c1)CNC(=O)Nc1ccc(C(=O)O)cc1)C(=O)O,1.791261475318688,3.256141213348473
O=C(O)c1c(Cl)cc(c(c1Cl)Cl)C(=O)N/N=C/c1ccc(C(=O)O)c(c1)Cl,2.477616346453406,3.222575019172159
Cc1c(c(c(cc1C(=O)O)C(=O)O)C)/C=N/NC(=O)c1cc(c(C)c(c1C)C(=O)O)C(=O)O,2.850968236811358,3.771409665635616
OC(=O)c1c(F)cc(c(c1F)F)C(=O)N/N=C/c1ccc(C(=O)O)c(c1F)F,2.684956609111726,2.976133723994999
Cc1c(c(ccc1C(=O)O)[N][N]CC(=O)c1ccc(C(=O)O)cc1)C,2.8100387927377284,2.993632534347938
Cc1c(cc(cc1C(=O)O)/C=N/CC(=O)c1c(C)c(c(C)c(c1)C(=O)O)C(=O)O)C(=O)O,2.978122181956376,3.503295158055575
OC(=O)c1c(F)cc(c(c1F)F)C(=O)N[N][N]c1cc(c(C(=O)O)c(c1F)F)F,3.374674233262117,3.165108136673872
Cc1cc(c(C)c(c1NN/C(=C/c1ccc(C(=O)O)cc1)/C)C)C(=O)O,2.595156961991133,3.680703335305193
OC(=O)c1cc(c(cc1)/C=N/NC(=O)c1ccc(C(=O)O)cc1F)F,2.1443605121947424,3.0656617269846667
Cc1cc(c(C)cc1C(=O)O)NNC(=O)Nc1cc(c(cc1)C(=O)O)C,2.265786632320804,3.491584158329285
O=C(O)c1c(cc(cc1)NNC(=O)Nc1ccc(C(=O)O)c(c1F)F)F,2.3788009180350898,3.305430219036031
CCc1c(c(ccc1C(=O)O)[N][N]C(=O)Nc1ccc(cc1CC)C(=O)O)CC,3.058787608960367,3.938734809947668
CCCc1c(c(ccc1C(=O)O)NCC(=O)Nc1c(CCC)cc(C(=O)O)cc1CCC)CCC,2.7518924281739423,4.732342223817547
O=C(O)c1ccc(cc1)C(=O)N/N=C/c1ccc(C(=O)O)cc1,1.773182321050756,2.452294139647836
O=C(O)c1c(cc(c(c1)Cl)/C=N/NC(=O)c1ccc(C(=O)O)c(c1Cl)Cl)Cl,2.5101990387611,3.203597575568652
CCc1c(ccc(c1)C(=O)O)NC(=O)NNc1ccc(cc1CC)C(=O)O,2.325773778885837,3.696869664756642
Cc1cc(c(C)c(c1NNNC(=O)c1ccc(C(=O)O)cc1)C)C(=O)O,2.527002236716408,3.583848184284791
OC(=O)c1c(cc(cc1F)C(=O)N[N][N]c1c(F)cc(C(=O)O)cc1)F,2.928224214738385,2.917037706978155
OC(=O)c1c(F)cc(c(c1F)F)C(=O)N[N][N]c1ccc(C(=O)O)c(c1F)F,3.2407374822926,3.2050567238738723
Cc1c(c(c(cc1C(=O)O)C(=O)O)C)NNC(=O)Nc1cc(c(C)c(c1C)C(=O)O)C(=O)O,2.910305446113684,3.73612136615692
O=C(O)c1c(c(c(c(c1)F)C(=O)N/N=C/c1ccc(C(=O)O)c(c1)F)F)F,2.523797115684175,3.0986520963008126
O=C(O)c1c(c(c(cc1F)NNC(=O)Nc1c(cc(C(=O)O)cc1F)F)F)F,2.6818842598393786,3.5091322266139224
OC(=O)c1ccc(cc1Cl)/C=N/NC(=O)c1ccc(C(=O)O)cc1,1.9326663704235827,2.8659373024399617
O=C(O)c1c(F)cc(cc1F)/C=N/NC(=O)c1cc(c(C(=O)O)c(c1F)F)F,2.68107220162732,2.964969092507163
OC(=O)c1ccc(cc1)/C=N/NC(=O)c1c(F)cc(C(=O)O)cc1,1.9568950417522544,3.217550069423524
O=C(O)c1cc(c(c(c1)F)NNC(=O)Nc1ccc(C(=O)O)c(c1F)F)F,2.55553750029956,3.3639890342234784
OC(=O)c1c(cc(cc1F)C=C)F.O=C(O)c1cc(c(cc1)[C]1[N]N1)F,2.9116341717379086,3.732680210829085
Nc1cc(ccc1c1cncn1c1cc(c(cc1)C(=O)O)N)C(=O)O,2.5421415371799885,3.537467003766371
OC(=O)c1cc(c(c(c1Cl)Cl)[N][N]C(=O)Nc1c(Cl)cc(C(=O)O)cc1Cl)Cl,3.1840038024589203,3.3886846125313
OC(=O)c1cc(c(c(c1F)F)/C=N/NC(=O)c1c(cc(C(=O)O)cc1F)F)F,2.709439977095096,3.205102235654788
OC(=O)c1ccc(c(c1Cl)Cl)C(=O)N[N][N]c1ccc(C(=O)O)cc1Cl,2.930900478474649,3.189329154183789
OC(=O)c1ccc(cc1Cl)[N][N]C(=O)Nc1c(Cl)cc(C(=O)O)cc1,2.804111417172118,2.99283073897073
OC(=O)c1ccc(cc1)CNC(=O)Nc1c(F)cc(C(=O)O)cc1,1.7834509858081995,3.143863510255917
OC(=O)c1c(c(c(cc1F)C(=O)N[N][N]c1c(F)c(c(C(=O)O)cc1F)F)F)F,3.3032882008734523,3.05605510730834
OC(=O)c1c(F)c(F)c(c(F)c1F)NC(=O)NNc1ccc(C(=O)O)cc1F,2.624750164205283,3.4127037375390605
OC(=O)c1ccc(cc1Cl)/C=N/NC(=O)c1c(Cl)cc(C(=O)O)cc1,2.088874086855375,3.246475821342225
Cc1cc(ccc1C(=O)O)NC(=O)[N][N]c1ccc(c(c1)C)C(=O)O,2.789239018982073,3.177860765319924
O=C(O)c1c(cc(c(c1)F)NNC(=O)Cc1cc(c(C(=O)O)cc1)F)F,2.3601560828702546,3.247458502868135
Cc1c(C(=O)O)c(C)c(c(C)c1C(=O)O)[N][N]NC(=O)c1cc(c(C)c(c1C)C(=O)O)C(=O)O,3.35390329522022,3.9430764628619177
OC(=O)c1ccc(c(c1F)F)NC(=O)[N][N]c1c(F)cc(C(=O)O)cc1,2.9746266323208044,3.1333455392346226
O=C(O)c1c(cc(c(c1)F)C(=O)N/N=C/c1cc(c(C(=O)O)cc1)F)F,2.312208830123001,3.090052581324363
OC(=O)c1ccc(c(c1F)F)NC(=O)[N][N]c1c(F)cc(C(=O)O)cc1,2.9746266323208044,3.1333455392346226
Cc1cc(ccc1C(=O)O)[N][N]NC(=O)c1ccc(c(c1)C)C(=O)O,2.713582005407412,3.2277425913354216
OC(=O)c1c(F)c(F)c(c(F)c1F)NNC(=O)Nc1ccc(C(=O)O)cc1F,2.580343303498422,3.534330635390981
OC(=O)c1ccc(cc1Cl)NNC(=O)Nc1c(Cl)cc(C(=O)O)cc1,2.146490376448135,3.4890526504489805
OC(=O)c1c(c(c(cc1F)NC(=O)NNc1c(F)c(c(C(=O)O)cc1F)F)F)F,2.860050953909889,3.375804054214344
OC(=O)c1cc(c(cc1)NC(=O)NNc1ccc(C(=O)O)cc1Cl)Cl,2.136405082330489,3.137210984340625
O=C(O)c1c(c(c(c(c1)F)C(=O)N/N=C/c1ccc(C(=O)O)c(c1)F)F)F,2.523797115684175,3.0986520963008126
Nc1cc(ccc1c1nncn1c1cc(c(cc1)C(=O)O)N)C(=O)O,2.514196386678316,3.808614834175613
CCc1c(ccc(c1)C(=O)O)NC(=O)NNc1ccc(cc1CC)C(=O)O,2.325773778885837,3.696869664756642
OC(=O)c1ccc(c(c1F)F)NNC(=O)Nc1c(F)c(c(C(=O)O)cc1)F,2.53023173106879,3.018851430109648
OC(=O)c1c(cc(cc1F)CC(=O)NNc1c(F)cc(C(=O)O)cc1)F,2.367383775177947,3.308936311753536
O=C(O)c1cc(c(c(c1)F)[N][N]C(=O)Nc1ccc(C(=O)O)c(c1F)F)F,3.104981731068791,3.3064793966342982
O=C(O)c1c(F)cc(cc1F)/C=N/NC(=O)c1cc(c(C(=O)O)c(c1F)F)F,2.68107220162732,2.964969092507163
OC(=O)c1cc(c(c(c1Cl)Cl)C(=O)N[N][N]c1c(Cl)cc(C(=O)O)cc1Cl)Cl,3.181850164205283,3.152068408769088
O=C(O)c1c(c(c(cc1F)NC(=O)NNc1c(cc(C(=O)O)cc1F)F)F)F,2.7280724095275275,3.460961836762856
Cc1c(c(c(cc1C(=O)O)C(=O)O)C)/C=N/NC(=O)c1cc(c(C)c(c1C)C(=O)O)C(=O)O,2.850968236811358,3.771409665635616
Cc1c(C(=O)O)cc(C(=O)O)cc1NCC(=O)Nc1c(C)c(c(C)c(c1)C(=O)O)C(=O)O,2.574454050088246,3.707491686356988
Cc1c(c(ccc1C(=O)O)[N][N]CC(=O)c1ccc(C(=O)O)cc1)C,2.8100387927377284,2.993632534347938
Cc1c(C(=O)O)c(C)c(c(C)c1C(=O)O)NC(=N)NNc1c(C)c(c(C)c(c1)C(=O)O)C(=O)O,3.298501372143296,3.5650972982127964
OC(=O)c1c(F)cc(c(c1F)F)NC(=O)/C=C/c1cc(c(C(=O)O)c(c1F)F)F,2.8236355692945043,3.1211333632643976
O=C(O)c1c(cc(c(c1)Cl)NC(=O)NNc1ccc(C(=O)O)c(c1Cl)Cl)Cl,2.532795192607251,3.161500644797516
CCc1c(ccc(c1)C(=O)O)NNC(=O)Nc1ccc(cc1CC)C(=O)O,2.325773778885837,3.696869664756642
O=C(O)c1ccc(cc1)C(=O)NNCc1ccc(C(=O)O)cc1,1.820196503743066,2.9269223626529897
CCc1c(c(ccc1C(=O)O)NC(=O)NNc1ccc(cc1CC)C(=O)O)CC,2.565799682962316,3.997697187174575
O=C(O)c1c(F)cc(cc1F)/C=N/NC(=O)c1cc(c(C(=O)O)cc1)F,2.35075058836476,3.081801077779513
CCc1cc(ccc1NNC(=O)Nc1cc(c(cc1CC)C(=O)O)CC)C(=O)O,2.5756462262924043,3.886998463699205
OC(=O)c1ccc(cc1)/C=N/NC(=O)c1c(F)cc(C(=O)O)cc1,1.9568950417522544,3.217550069423524
Nc1c(C(=O)O)c(N)c(c(N)c1C(=O)O)NNC(=O)Nc1cc(c(N)c(c1)C(=O)O)C(=O)O,3.130209739494722,3.917739048309772
OC(=O)c1ccc(c(c1F)F)[N][N]C(=O)Nc1ccc(C(=O)O)cc1,2.853538114004696,3.295059582212178
O=C(O)c1c(F)cc(cc1F)C(=O)N/N=C/c1cc(c(C(=O)O)cc1)F,2.354014324628496,3.1824852143008444
Cc1c(c(c(cc1C(=O)O)C(=O)O)C)NNC(=O)Nc1cc(c(C)c(c1C)C(=O)O)C(=O)O,2.910305446113684,3.73612136615692
OC(=O)c1c(c(c(cc1F)NC(=O)[N][N]c1c(F)c(c(C(=O)O)cc1F)F)F)F,3.378019172533371,3.15660952095507
OC(=O)c1ccc(cc1Cl)NC(=O)NNc1ccc(C(=O)O)cc1,1.9881663704235848,3.073839491777425
O=C(O)c1c(Cl)cc(c(c1Cl)Cl)C(=O)N/N=C/c1ccc(C(=O)O)c(c1)Cl,2.477616346453406,3.222575019172159
Cc1c(c(c(cc1C(=O)O)C(=O)O)C)NNC(=O)Nc1cc(c(C)c(c1C)C(=O)O)C(=O)O,2.910305446113684,3.73612136615692
OC(=O)c1cc(c(cc1)[N][N]C(=O)Nc1ccc(C(=O)O)cc1F)F,2.7924297429639733,3.045734909738916
OC(=O)c1ccc(cc1F)[N][N]C(=O)Nc1ccc(C(=O)O)cc1F,2.850003272375737,3.289880452216736
O=C(O)c1c(c(c(cc1F)C(=O)N[N][N]c1c(cc(C(=O)O)cc1F)F)F)F,3.1859160685711867,3.215291461693732
OC(=O)c1c(F)cc(c(c1F)F)NC(=O)NNc1ccc(C(=O)O)c(c1F)F,2.703450580005697,3.181369260500731
NC1=CC(=CCC1=O)C(=O)O.O=C(O)c1cccc(c1)NC(=O)C,2.63985251552848,3.4134753354991783
OC(=O)c1c(c(c(cc1Cl)[N][N]C(=O)Nc1c(Cl)cc(C(=O)O)cc1)Cl)Cl,3.0917105772226368,3.303901488176192
O=C(O)c1c(cc(c(c1)Cl)NC(=O)NNc1ccc(C(=O)O)c(c1Cl)Cl)Cl,2.532795192607251,3.161500644797516
OC(=O)c1c(cc(c(c1)F)C(O)(N(c1c(F)cc(C(=O)O)cc1)C)O)F,2.804020665934249,3.4781051866086643
OC(=O)c1cc(c(cc1F)NNC(=O)Nc1c(F)cc(C(=O)O)cc1)F,2.3372505883647587,3.29879540039235
O=C(O)c1c(cc(cc1F)C(=O)N[N][N]c1cc(c(C(=O)O)c(c1F)F)F)F,3.255244135099254,3.0376963720110264
Nc1cc(ccc1C1=N[N]C[C]1c1cc(c(cc1)C(=O)O)N)C(=O)O,3.1383729753070773,3.868315333647253
OC(=O)c1ccc(cc1F)/C=N/NC(=O)c1ccc(C(=O)O)cc1F,2.145115942058995,3.3557229621163454
O=C(O)c1ccc(cc1)/C=N/NC(=O)c1c(F)cc(C(=O)O)cc1,1.9568950417522544,3.217550069423524
O=C(O)c1c(cc(c(c1)F)NNCNNc1cc(c(C(=O)O)cc1)F)F,2.9052949282502247,3.8221336396540138
OC(=O)c1ccc(c(c1F)F)C(=O)N/N=C/c1c(F)c(c(C(=O)O)cc1)F,2.552043269530328,2.880108550802379
Cc1c(C(=O)O)cc(C(=O)O)c(c1NC(=N)[N][N]c1c(c(cc(c1C)C(=O)O)C(=O)O)C)C,3.467740329834613,3.661422511375203
OC(=O)c1cc(c(c(c1F)F)NNC(=O)Nc1c(cc(C(=O)O)c(c1F)F)F)F,2.863465123950375,3.2666252545373844
N#Cc1c(ccc(c1)C(=O)O)c1cocc1c1cc(c(cc1)C(=O)O)C#N,2.76064350029956,4.068115788970378
Cc1c(C(=O)O)ccc(c1C)CNC(=O)Nc1cc(c(c(c1)C)C(=O)O)C,2.2820509618380207,3.350196589515593
OC(=O)c1c(F)c(F)c(c(F)c1F)NNC(=O)Nc1ccc(C(=O)O)cc1F,2.580343303498422,3.534330635390981
O=C(O)c1c(F)cc(cc1F)/C=N/NC(=O)c1cc(c(C(=O)O)c(c1F)F)F,2.68107220162732,2.964969092507163
OC(=O)c1c(F)c(F)c(c(F)c1F)NC(=O)NNc1cc(c(C(=O)O)cc1)F,2.653132908488028,3.461408718527068
O=C(O)c1c(F)cc(cc1F)CNC(=O)Nc1cc(c(C(=O)O)c(c1F)F)F,2.5499603513154696,3.348974299843168
N#Cc1c(ccc(c1)C(=O)O)c1c(c2cc(c(cc2)C(=O)O)C#N)non1,2.7473751926072527,4.226526437073552
OC(=O)c1cc(c(c(c1F)F)NNC(=O)Nc1c(cc(C(=O)O)c(c1F)F)F)F,2.863465123950375,3.2666252545373844
OC(=O)c1c(F)c(F)c(c(F)c1F)NC(=O)NNc1ccc(C(=O)O)cc1F,2.624750164205283,3.4127037375390605
Cc1c(c(c(cc1C(=O)O)C(=O)N/N=C/c1c(C)c(c(C)c(c1)C(=O)O)C(=O)O)C)C(=O)O,2.885855714449999,3.642514170072373
OC(=O)c1ccc(c(c1Cl)Cl)[N][N]NC(=O)c1ccc(C(=O)O)cc1Cl,2.904410808144979,3.274799424392934
O=C(O)c1c(cc(cc1F)/C=N/NC(=O)c1cc(c(C(=O)O)c(c1F)F)F)F,2.68107220162732,2.964969092507163
Nc1cc(ccc1c1nncn1c1cc(c(cc1)C(=O)O)N)C(=O)O,2.514196386678316,3.808614834175613
OC(=O)c1cc(c(cc1F)NCC(=O)Nc1c(F)cc(C(=O)O)cc1)F,2.140635203749376,3.30785399281942
OC(=O)c1c(c(c(cc1Cl)C(=O)N[N][N]c1c(Cl)cc(C(=O)O)cc1)Cl)Cl,3.0580990387610987,3.255241936099281
Nc1c(ccc(c1)C(=O)O)c1nncn1c1ccc(C(=O)O)cc1,2.267638774139272,3.567478887728488
O=C(O)c1c(cc(cc1)/C=N/NC(=O)c1ccc(C(=O)O)c(c1F)F)F,2.361265753199924,3.1156491443351184
OC(=O)c1ccc(cc1F)NNC(=O)Nc1ccc(C(=O)O)cc1F,2.1790797429639728,3.3913959121642487
OC(=O)c1c(c(c(cc1Cl)NNC(=O)Cc1c(Cl)cc(C(=O)O)cc1)Cl)Cl,2.541393269530328,3.5037426200098305
Cc1c(c(c(cc1C(=O)O)C(=O)O)C)NNC(=O)Nc1cc(c(C)c(c1C)C(=O)O)C(=O)O,2.910305446113684,3.73612136615692
Nc1c(C(=O)O)c(N)c(c(N)c1C(=O)O)NNC(=O)Nc1cc(cc(c1)C(=O)O)C(=O)O,2.964757346791542,4.041410840464234
OC(=O)c1cc(c(cc1)NC(=O)[N][N]c1ccc(C(=O)O)cc1F)F,2.7924297429639733,3.045734909738916
OC(=O)c1ccc(cc1Cl)NCC(=O)Nc1ccc(C(=O)O)cc1,1.8126244123816253,3.1303599728700737
CCc1cc(ccc1[N][N]C(=O)Nc1cc(c(cc1CC)C(=O)O)CC)C(=O)O,3.094407277899025,3.8066078838641833
Nc1c(C(=O)O)c(N)c(c(N)c1C(=O)O)[N][N]C(=O)Nc1cc(c(N)c(c1)C(=O)O)C(=O)O,3.5304392564893554,3.732113078585575
O=C(O)c1c(F)cc(cc1F)CNC(=O)Nc1cc(c(C(=O)O)cc1)F,2.201305093859265,3.3367249666657623
OC(=O)c1ccc(c(c1F)F)NNC(=O)Nc1c(F)c(c(C(=O)O)cc1)F,2.53023173106879,3.018851430109648
OC(=O)c1ccc(c(c1F)F)C(=O)N[N][N]c1c(F)c(c(C(=O)O)cc1)F,3.1232625002995604,3.1219004575816003
OC(=O)c1c(F)cc(c(c1F)F)C(=O)N/N=C/c1cc(c(C(=O)O)c(c1F)F)F,2.829166743383574,2.8751674080210115
O=C(O)c1c(F)cc(cc1F)NC(=O)NCc1cc(c(C(=O)O)cc1)F,2.204742896057068,3.4981570224408416
Nc1c(C(=O)O)c(N)c(c(N)c1C(=O)O)/C=N/NC(=O)c1cc(c(N)c(c1)C(=O)O)C(=O)O,3.1231530310868507,3.712024272077312
O=C(O)c1c(Cl)cc(c(c1Cl)Cl)NC(=O)NNc1ccc(C(=O)O)c(c1)Cl,2.5501451926072534,3.4571879492862463
OC(=O)c1c(c(c(cc1Cl)NNC(=O)Nc1c(Cl)cc(C(=O)O)cc1)Cl)Cl,2.5334086541457133,3.62768452697239
Nc1c(C(=O)O)c(N)c(c(N)c1C(=O)O)NNC(=O)Nc1cc(c(N)c(c1)C(=O)O)C(=O)O,3.130209739494722,3.917739048309772
OC(=O)c1cc(c(cc1)NNC(=O)Nc1ccc(C(=O)O)cc1F)F,2.148192638891574,3.0473214616362045
OC(=O)c1cc(c(c(c1F)F)CNC(=O)Nc1c(cc(C(=O)O)c(c1F)F)F)F,2.7035092535050325,3.3657649023966725
Cc1c(c(c(cc1C(=O)O)C(=O)O)C)NNC(=O)Nc1cc(c(C)c(c1C)C(=O)O)C(=O)O,2.910305446113684,3.73612136615692
OC(=O)c1c(F)cc(c(c1F)F)[N][N]C(=O)Nc1ccc(C(=O)O)c(c1F)F,3.2991383138934323,3.134993049527259
O=C(O)c1c(cc(c(c1)Cl)C(=O)N[N][N]c1ccc(C(=O)O)c(c1Cl)Cl)Cl,3.0235644233764827,3.2480837597214065
OC(=O)c1c(c(c(cc1Cl)/C=N/NC(=O)c1c(Cl)cc(C(=O)O)cc1)Cl)Cl,2.500358654145714,3.4965513174431075
Cc1c(C(=O)O)c(C)c(c(C)c1C(=O)O)/C=N/NC(=O)c1cc(c(C)c(c1)C(=O)O)C(=O)O,2.8331260185644886,3.5354659490389366
Cc1c(C(=O)O)c(C)c(c(C)c1C(=O)O)[N][N]C(=O)Nc1cc(cc(c1)C(=O)O)C(=O)O,3.1712743797585743,3.6606147443593713
OC(=O)c1cc(c(c(c1F)F)NC(=O)NNc1c(cc(C(=O)O)c(c1F)F)F)F,2.863465123950375,3.2666252545373844
OC(=O)c1cc(c(cc1F)NC(=O)[N][N]c1c(F)cc(C(=O)O)cc1)F,2.94639036858454,3.4636759293698987
OC(=O)c1cc(c(c(c1F)F)NC(=O)NNc1c(F)c(c(C(=O)O)cc1)F)F,2.7069570249121444,3.0316176770256806
O=C(O)c1c(cc(cc1F)/C=N/NC(=O)c1cc(c(C(=O)O)c(c1F)F)F)F,2.68107220162732,2.964969092507163
O=C(O)c1c(cc(c(c1)F)C(=O)N/N=C/c1cc(c(C(=O)O)cc1)F)F,2.312208830123001,3.090052581324363
OC(=O)c1cc(c(c(c1F)F)NNC(=O)Nc1c(F)c(c(C(=O)O)cc1)F)F,2.6938555696106885,3.223119728581336
N#Cc1c(ccc(c1)C(=O)O)c1nccn1c1cc(c(cc1)C(=O)O)C#N,2.6286564233764835,4.060191836549203
OC(=O)c1ccc(c(c1F)F)NNC(=O)Nc1c(F)c(c(C(=O)O)cc1)F,2.53023173106879,3.018851430109648
OC(=O)c1c(F)c(F)c(c(F)c1F)NC(=O)NNc1cc(c(C(=O)O)cc1)F,2.653132908488028,3.461408718527068
O=C(O)c1c(F)cc(cc1F)CC(=O)[N][N]c1cc(c(C(=O)O)c(c1F)F)F,3.327971993727112,3.068603106096558
OC(=O)c1ccc(c(c1Cl)Cl)C(=O)N[N][N]c1ccc(C(=O)O)cc1Cl,2.930900478474649,3.189329154183789
OC(=O)c1ccc(c(c1F)F)[N][N]C(=O)Nc1c(F)c(c(C(=O)O)cc1)F,3.1613259618380205,3.0775212425639915
OC(=O)c1c(F)c(F)c(c(F)c1F)NC(=O)NNc1ccc(C(=O)O)cc1F,2.624750164205283,3.4127037375390605
N#Cc1c(ccc(c1)C(=O)O)c1cccn1c1cc(c(cc1)C(=O)O)C#N,2.621101961838022,3.829275826693279
OC(=O)c1cc(c(c(c1F)F)NNC(=O)Nc1c(F)c(c(C(=O)O)cc1)F)F,2.6938555696106885,3.223119728581336
OC(=O)c1ccc(cc1F)C(=O)N[N][N]c1ccc(C(=O)O)cc1F,2.745798747488859,3.144552113283931
O=C(O)c1c(cc(cc1F)NC(=O)[N][N]c1cc(c(C(=O)O)c(c1F)F)F)F,3.3125709542260733,3.245924812352248
O=C(O)c1ccc(cc1)CNNC(=O)c1c(F)cc(C(=O)O)cc1,2.0028537830109965,3.374970929551285
Nc1c(C(=O)O)c(N)c(c(N)c1C(=O)O)/C=N/NC(=O)c1cc(cc(c1)C(=O)O)C(=O)O,2.9422820720662664,3.4633494831984595
O=C(O)c1cc(c(c(c1)F)C(=O)N/N=C/c1ccc(C(=O)O)cc1)F,2.180063227126869,2.97546009653861
OC(=O)c1cc(c(c(c1F)F)[N][N]C(=O)Nc1c(cc(C(=O)O)c(c1F)F)F)F,3.36031977982082,3.057369152278936
Nc1c(ccc(c1)C(=O)O)c1ccnn1c1ccc(C(=O)O)cc1,2.17996368803135,3.499471486738225
OC(=O)c1cc(c(cc1)NC(=O)NNc1ccc(C(=O)O)cc1F)F,2.148192638891574,3.0473214616362045
Nc1c(C(=O)O)c(N)c(c(N)c1C(=O)O)/C=N/NC(=O)c1cc(c(N)c(c1)C(=O)O)C(=O)O,3.1231530310868507,3.712024272077312
Cc1c(c(c(cc1C(=O)O)C(=O)O)C)NNC(=O)Nc1cc(c(C)c(c1C)C(=O)O)C(=O)O,2.910305446113684,3.73612136615692
OC(=O)c1c(c(c(cc1Cl)NC(=O)NNc1c(Cl)cc(C(=O)O)cc1)Cl)Cl,2.540620192607252,3.5816317372217985
OC(=O)c1cc(c(cc1F)NNC(=O)Nc1c(F)cc(C(=O)O)cc1)F,2.3372505883647587,3.29879540039235
O=C(O)c1c(Cl)cc(c(c1Cl)Cl)C(=O)N/N=C/c1ccc(C(=O)O)c(c1)Cl,2.477616346453406,3.222575019172159
OC(=O)c1ccc(cc1Cl)NNNC(=O)c1ccc(C(=O)O)cc1,2.2261251116823253,3.087283787087135
O=C(O)c1c(cc(cc1F)/C=N/NC(=O)c1cc(c(C(=O)O)c(c1F)F)F)F,2.68107220162732,2.964969092507163
Cc1c(c(c(cc1C(=O)O)C(=O)O)C)NNC(=O)Nc1cc(c(C)c(c1C)C(=O)O)C(=O)O,2.910305446113684,3.73612136615692
Cc1c(C(=O)O)ccc(c1C)NNC(=O)Nc1cc(c(c(c1)C)C(=O)O)C,2.4563048079918683,3.4148792369995906
Cc1c(cc(c(c1)/C=N/NC(=O)c1ccc(C(=O)O)cc1)C)C(=O)O,2.106149199977546,3.0253255119241134
O=C(O)c1c(F)cc(cc1F)C(=O)N/N=C/c1cc(c(C(=O)O)cc1)F,2.354014324628496,3.1824852143008444
OC(=O)c1c(F)cc(c(c1F)F)C(=O)N/N=C/c1cc(c(C(=O)O)c(c1F)F)F,2.829166743383574,2.8751674080210115
O=C(O)c1c(F)cc(cc1F)C(=O)NNCc1cc(c(C(=O)O)cc1)F,2.396053225727396,3.4028198623755594
Cc1c(C(=O)O)cc(C(=O)O)c(c1NNNC(=O)c1c(c(cc(c1C)C(=O)O)C(=O)O)C)C,3.0397335710657822,3.458240476368971
Cc1c(c(c(cc1C(=O)O)C(=O)O)C)NC(=O)NNc1cc(c(C)c(c1C)C(=O)O)C(=O)O,2.9319086661494627,3.5979824171233328
O=C(O)c1c(F)cc(cc1F)/C=N/NC(=O)c1cc(c(C(=O)O)cc1)F,2.35075058836476,3.081801077779513
Nc1c(C(=O)O)c(N)c(c(N)c1C(=O)O)[N][N]NC(=O)c1cc(c(N)c(c1)C(=O)O)C(=O)O,3.509389882607421,3.709134080571284
OC(=O)C#C/C(=C(/C#CC(=O)O)\[C][N])/C,4.473040811111609,2.2214892415837566
O=C(O)c1c(Cl)cc(c(c1Cl)Cl)NC(=O)NNc1ccc(C(=O)O)c(c1)Cl,2.5501451926072534,3.4571879492862463
Cc1c(c(c(c(c1)C(=O)O)C)C)NNC(=O)Nc1cc(c(c(c1)C)C(=O)O)C,2.585677814932934,3.6658489459302097
OC(=O)c1c(F)cc(c(c1F)F)C(=O)N/N=C/c1ccc(C(=O)O)c(c1F)F,2.684956609111726,2.976133723994999
Nc1c(ccc(c1)C(=O)O)c1cccn1c1ccc(C(=O)O)cc1,2.1910426776984,3.350771582606966
OC(=O)c1ccc(cc1F)[N][N]C(=O)Nc1ccc(C(=O)O)cc1F,2.850003272375737,3.289880452216736
OC(=O)c1c(c(c(cc1Cl)NNC(=O)Nc1c(Cl)cc(C(=O)O)cc1)Cl)Cl,2.5334086541457133,3.62768452697239
O=C(O)c1c(c(c(cc1F)NNC(=O)Nc1c(cc(C(=O)O)cc1F)F)F)F,2.6818842598393786,3.5091322266139224
Cc1c(c(c(cc1C(=O)O)C(=O)O)C)NNC(=O)Nc1cc(c(C)c(c1C)C(=O)O)C(=O)O,2.910305446113684,3.73612136615692
Nc1c(C(=O)O)c(N)c(c(N)c1C(=O)O)CC(=O)[N][N]c1cc(c(N)c(c1)C(=O)O)C(=O)O,3.687831385290786,3.695323003157724
OC(=O)c1cc(c(cc1)NC(=O)NNc1ccc(C(=O)O)cc1F)F,2.148192638891574,3.0473214616362045
OC(=O)c1c(c(c(cc1Cl)NC(=O)[N][N]c1c(Cl)cc(C(=O)O)cc1)Cl)Cl,3.144635577222635,3.267712004339529
OC(=O)c1cc(c(cc1F)C(=O)N[N][N]c1c(F)cc(C(=O)O)cc1)F,2.886418720232891,3.252853425742866
Cc1c(c(ccc1C(=O)O)CNNCC(=O)Cc1ccc(c(c1C(=O)O)C)C(=O)O)C(=O)O,3.0172828286149027,3.6994586181141695
Nc1c(C(=O)O)c(N)c(c(N)c1C(=O)O)C(=O)O/N=C/c1cc(cc(c1)C(=O)O)C(=O)O,3.103685368769563,3.432852131494068
OC(=O)c1c(cc(c(c1)F)/N=C(/c1c(F)cc(C(=O)O)cc1)\NC#N)F,2.873256961991133,3.637785483834544
Nc1c(c(c(c(c1)C(=O)O)N)N)[N][N]NC(=O)c1cc(c(c(c1)N)C(=O)O)N,3.455867419922539,4.007103239653541
OC(=O)c1cc(c(c(c1F)F)NNC(=O)Nc1c(F)c(c(C(=O)O)cc1)F)F,2.6938555696106885,3.223119728581336
O=C(O)c1c(cc(c(c1)F)C(=O)N/N=C/c1cc(c(C(=O)O)cc1)F)F,2.312208830123001,3.090052581324363
O=C(O)c1c(F)cc(cc1F)/C=N/NC(=O)c1cc(c(C(=O)O)c(c1F)F)F,2.68107220162732,2.964969092507163
OC(=O)c1c(F)c(F)c(c(F)c1F)NC(=O)NCc1cc(c(C(=O)O)cc1)F,2.4663351953903128,3.439986152686733
N#Cc1c(ccc(c1)C(=O)O)N1[C](N=C[N]1)c1cc(c(cc1)C(=O)O)C#N,3.2856342695303296,4.215062117434512
OC(=O)c1c(F)c(F)c(c(F)c1F)NC(=O)NNc1ccc(C(=O)O)cc1F,2.624750164205283,3.4127037375390605
OC(=O)c1ccc(c(c1F)F)NC(=O)NCc1c(F)c(c(C(=O)O)cc1)F,2.3761625002995608,3.215175509258813
Cc1c(c(ccc1C(=O)O)CCC(=N)NNCc1ccc(c(c1C(=O)O)C)C(=O)O)C(=O)O,3.096281430013504,4.111929657194327
OC(=O)c1ccc(c(c1Cl)Cl)C(=O)N[N][N]c1ccc(C(=O)O)cc1Cl,2.930900478474649,3.189329154183789
OC(=O)c1ccc(c(c1F)F)NC(=O)NCc1c(F)c(c(C(=O)O)cc1)F,2.3761625002995608,3.215175509258813
N#Cc1c(ccc(c1)C(=O)O)n1c(ccc1)c1cc(c(cc1)C(=O)O)C#N,2.583649038761098,3.812662718507195
OC(=O)c1c(F)c(F)c(c(F)c1F)NC(=O)NNc1ccc(C(=O)O)cc1F,2.624750164205283,3.4127037375390605
OC(=O)c1c(F)c(F)c(c(F)c1F)[N][N]C(=O)Nc1cc(c(C(=O)O)cc1)F,3.166437898093016,3.605772260626341
OC(=O)c1cc(c(c(c1F)F)[N][N]NC(=O)c1c(F)c(c(C(=O)O)cc1)F)F,3.188788209943328,3.0962545539325794
Nc1c(c(c(c(c1)C(=O)O)N)N)NC(=O)NNc1cc(c(c(c1)N)C(=O)O)N,3.092480725535843,3.9865068846166847
O=C(O)c1c(cc(c(c1)F)C(=O)N/N=C/c1cc(c(C(=O)O)cc1)F)F,2.312208830123001,3.090052581324363
Nc1c(C(=O)O)c(N)c(c(N)c1C(=O)O)[N][N]NC(=O)c1cc(cc(c1)C(=O)O)C(=O)O,3.3377150390992334,3.4663557871717483
OC(=O)c1cc(c(cc1F)NC(=O)NNc1c(F)cc(C(=O)O)cc1)F,2.320560038914211,3.398393061549493
Cc1c(C(=O)O)cc(C(=O)O)c(c1CNC(=O)Nc1c(C)c(c(C)c(c1)C(=O)O)C(=O)O)C,2.773772709083273,3.719743141295048
O=C(O)c1ccc(cc1)NC(=C)NNc1c(F)cc(C(=O)O)cc1,2.345917419374633,3.357840879719724
OC(=O)c1c(c(c(cc1Cl)NNC(=O)Nc1c(Cl)cc(C(=O)O)cc1)Cl)Cl,2.5334086541457133,3.62768452697239
Nc1c(C(=O)O)c(N)c(c(N)c1C(=O)O)[N][N]NC(=O)c1cc(cc(c1)C(=O)O)C(=O)O,3.3377150390992334,3.4663557871717483
O=C(O)c1c(cc(cc1)C=C)F.OC(=O)c1ccc(c(c1F)F)N=C=O,2.833714439296438,3.2136537459009675
OC(=O)c1ccc(cc1F)/C=N/NC(=O)c1ccc(C(=O)O)cc1F,2.145115942058995,3.3557229621163454
O=C(O)c1c(c(c(cc1F)C(=O)N/N=C/c1c(cc(C(=O)O)cc1F)F)F)F,2.675599228654347,3.3313726719150365
OC(=O)c1c(c(c(cc1Cl)C(=O)N[N][N]c1c(Cl)cc(C(=O)O)cc1)Cl)Cl,3.0580990387610987,3.255241936099281
OC(=O)c1c(F)cc(c(c1F)F)NC(=O)[N][N]c1ccc(C(=O)O)c(c1F)F,3.3174882099433294,3.118379778041403
Nc1c(ccc(c1)C(=O)O)c1ccnn1c1ccc(C(=O)O)cc1,2.17996368803135,3.499471486738225
O=C(O)c1c(Cl)cc(c(c1Cl)Cl)NC(=O)NNc1ccc(C(=O)O)c(c1)Cl,2.5501451926072534,3.4571879492862463
OC(=O)c1ccc(cc1)NC(=O)NCc1c(F)cc(C(=O)O)cc1,1.8156265102837228,3.3781042316458234
Cc1c(C(=O)O)ccc(c1C)[N][N]C(=O)Nc1cc(c(c(c1)C)C(=O)O)C,3.021172115684175,3.36566780759633
Nc1c(C(=O)O)c(N)c(c(N)c1C(=O)O)C(=O)N[N][N]c1cc(c(N)c(c1)C(=O)O)C(=O)O,3.607180759172717,3.762844044915232
O=C(O)c1c(F)cc(cc1F)/C=N/NC(=O)c1cc(c(C(=O)O)cc1)F,2.35075058836476,3.081801077779513
OC(=O)c1c(c(c(cc1F)/C=N/C(=O)Nc1c(F)c(c(C(=O)O)cc1F)F)F)F,3.0941912373106977,3.2358220224662166
OC(=O)c1ccc(c(c1F)F)NNC(=O)Nc1c(F)c(c(C(=O)O)cc1)F,2.53023173106879,3.018851430109648
O=C(O)c1c(F)cc(cc1F)C(=O)N/N=C/c1cc(c(C(=O)O)cc1)F,2.354014324628496,3.1824852143008444
O=C(O)c1c(F)cc(cc1F)C(=O)N/N=C/c1cc(c(C(=O)O)cc1)F,2.354014324628496,3.1824852143008444
Cc1cc(ccc1C(=O)O)NC(=O)NNc1ccc(c(c1)C)C(=O)O,2.1461768017875027,3.3283806734511603
OC(=O)c1c(c(c(cc1F)NC(=O)[N][N]c1c(F)c(c(C(=O)O)cc1F)F)F)F,3.378019172533371,3.15660952095507
Nc1c(C(=O)O)c(N)c(c(N)c1C(=O)O)NNC(=O)Nc1cc(c(N)c(c1)C(=O)O)C(=O)O,3.130209739494722,3.917739048309772
OC(=O)c1ccc(cc1)NC(=O)[N][N]c1c(F)cc(C(=O)O)cc1,2.6503691676263816,2.9006396437202966
O=C(O)c1c(F)cc(cc1F)/C=N/NC(=O)c1cc(c(C(=O)O)cc1)F,2.35075058836476,3.081801077779513
O=C(O)c1c(c(c(cc1F)[N][N]C(=O)Nc1c(F)cc(C(=O)O)cc1F)F)F,3.27603956129468,3.319031853181912
O=C(O)c1c(Cl)cc(c(c1Cl)Cl)C(=O)N/N=C/c1ccc(C(=O)O)c(c1)Cl,2.477616346453406,3.222575019172159
Nc1c(ccc(c1)C(=O)O)C(=O)N(c1ccc(C(=O)O)cc1)CC,2.042661443043272,3.200266026454189
OC(=O)c1ccc(c(c1F)F)/C=N/NC(=O)c1c(F)cc(C(=O)O)cc1,2.345546412540584,3.373353285302343
OC(=O)c1c(F)cc(c(c1F)F)[N][N]C(=O)Nc1ccc(C(=O)O)c(c1F)F,3.2991383138934323,3.134993049527259
OC(=O)c1cc(c(cc1)NNC(=O)Nc1ccc(C(=O)O)cc1F)F,2.148192638891574,3.0473214616362045
Cc1c(c(ccc1C(=O)O)NC(=O)NNc1ccc(C(=O)O)cc1)C,2.128960738439085,3.1288431548459736
O=C(O)c1c(c(c(cc1F)/C=N/NC(=O)c1c(cc(C(=O)O)cc1F)F)F)F,2.6992275030826214,3.0241042647017142
O=C(O)c1cc(c(c(c1)F)NNC(=O)Nc1ccc(C(=O)O)c(c1F)F)F,2.55553750029956,3.3639890342234784
Cc1c(C(=O)O)c(C)c(c(C)c1C(=O)O)[N][N]C(=O)Nc1cc(cc(c1)C(=O)O)C(=O)O,3.1712743797585743,3.6606147443593713
OC(=O)c1c(c(c(cc1Cl)NNC(=O)Nc1c(Cl)cc(C(=O)O)cc1)Cl)Cl,2.5334086541457133,3.62768452697239
O=C(O)c1c(cc(c(c1)Cl)C(=O)N/N=C/c1ccc(C(=O)O)c(c1Cl)Cl)Cl,2.460272115684175,3.156323747720569
OC(=O)c1ccc(cc1F)/C=N/NC(=O)c1ccc(C(=O)O)cc1F,2.145115942058995,3.3557229621163454
O=C(O)c1c(cc(cc1F)/C=N/NC(=O)c1cc(c(C(=O)O)c(c1F)F)F)F,2.68107220162732,2.964969092507163
O=C(O)c1ccc(cc1)NC(=O)[N][N]c1c(F)cc(C(=O)O)cc1,2.6503691676263816,2.9006396437202966
O=C(O)C#CN(C(C#CC(=O)O)(C)C)C,4.013024211921325,2.1366282174455704
OC(=O)c1cc(c(cc1F)[N][N]C(=O)Nc1c(F)cc(C(=O)O)cc1)F,2.957465313639485,3.337019582878128
O=C(O)c1c(cc(c(c1)F)/C=N/NC(=O)c1cc(c(C(=O)O)cc1)F)F,2.333496302650474,2.99213327074152
O=C(O)c1c(F)cc(cc1F)/C=N/NC(=O)c1cc(c(C(=O)O)c(c1F)F)F,2.68107220162732,2.964969092507163
OC(=O)c1ccc(c(c1F)F)[N][N]C(=O)Nc1c(F)c(c(C(=O)O)cc1)F,3.1613259618380205,3.0775212425639915
OC(=O)c1ccc(c(c1Cl)Cl)[N][N]C(=O)Nc1ccc(C(=O)O)cc1Cl,2.9747888301230017,3.190974293602178
N#Cc1c(ccc(c1)C(=O)O)C1=C(c2cc(c(cc2)C(=O)O)C#N)N=CC1,3.0107013464534065,4.109773810712124
OC(=O)c1c(F)c(F)c(c(F)c1F)[N][N]NC(=O)c1ccc(C(=O)O)cc1F,3.099850995806115,3.688661401594317
N#Cc1c(ccc(c1)C(=O)O)n1c(cnc1)c1cc(c(cc1)C(=O)O)C#N,2.676379500299559,3.871751791663137
OC(=O)c1ccc(c(c1F)F)NNC(=O)Nc1c(F)c(c(C(=O)O)cc1)F,2.53023173106879,3.018851430109648
OC(=O)c1c(F)c(F)c(c(F)c1F)C(=O)N/N=C/c1cc(c(C(=O)O)cc1)F,2.6098150290701483,3.2304724683088097
O=C(O)c1c(F)cc(cc1F)NC(=O)[N][N]c1cc(c(C(=O)O)c(c1F)F)F,3.3125709542260733,3.245924812352248
O=C(O)c1c(cc(c(c1)F)C(=O)N/N=C/c1cc(c(C(=O)O)cc1)F)F,2.312208830123001,3.090052581324363
OC(=O)c1cc(c(cc1F)NNC(=O)Nc1c(F)cc(C(=O)O)cc1)F,2.3372505883647587,3.29879540039235
OC(=O)c1ccc(c(c1F)F)NNC(=O)Nc1c(F)cc(C(=O)O)cc1,2.3385699290241,3.200200679626065
OC(=O)c1ccc(cc1F)/C=N/NC(=O)c1ccc(C(=O)O)cc1F,2.145115942058995,3.3557229621163454
Cc1cc(c(C)cc1C(=O)O)NC(=O)NNc1cc(c(cc1)C(=O)O)C,2.2602026762768475,3.444042841260052
O=C(O)c1c(cc(cc1F)/C=N/NC(=O)c1cc(c(C(=O)O)c(c1F)F)F)F,2.68107220162732,2.964969092507163
O=C(O)c1c(cc(c(c1)Cl)C(=O)N[N][N]c1ccc(C(=O)O)c(c1Cl)Cl)Cl,3.0235644233764827,3.2480837597214065
OC(=O)c1c(c(c(cc1Cl)NNC(=N)Nc1c(Cl)cc(C(=O)O)cc1)Cl)Cl,2.8748240387610977,3.916551471169631
Cc1c(C(=O)O)c(C)c(c(C)c1C(=O)O)/C=N/C(=O)Nc1cc(cc(c1)C(=O)O)C(=O)O,2.9288282259124205,3.615720835094983
O=C(O)c1cc(c(c(c1)F)NNC(=O)Nc1ccc(C(=O)O)c(c1F)F)F,2.55553750029956,3.3639890342234784
O=C(O)c1c(c(c(cc1F)NC(=O)NNc1c(cc(C(=O)O)cc1F)F)F)F,2.7280724095275275,3.460961836762856
OC(=O)c1c(c(c(cc1Cl)NC(=O)NNc1c(Cl)cc(C(=O)O)cc1)Cl)Cl,2.540620192607252,3.5816317372217985
OC(=O)c1cc(c(cc1)NC(=O)[N][N]c1ccc(C(=O)O)cc1F)F,2.7924297429639733,3.045734909738916
Nc1c(C(=O)O)ccc(c1C(=O)O)NCCNNNc1c(N)c(c(N)c(c1)C(=O)O)C(=O)O,3.3420364999435748,4.202885651501678
Nc1c(ccc(c1)C(=O)O)C(=O)N(c1ccc(C(=O)O)cc1)CCl,2.278340022924929,3.254182080503192
OC(=O)c1ccc(c(c1F)F)/C=N/NC(=O)c1c(F)cc(C(=O)O)cc1,2.345546412540584,3.373353285302343
Cc1c(c(c(c(c1)C(=O)O)C)C)[N][N]NC(=O)c1cc(c(c(c1)C)C(=O)O)C,3.015355777510896,3.485232962720311
O=C(O)c1c(Cl)cc(c(c1Cl)Cl)NC(=O)NCc1ccc(C(=O)O)c(c1)Cl,2.359002884914944,3.371081414218316
Cc1c(c(c(c(c1)C(=O)O)C)C)[N][N]NC(=O)c1cc(c(c(c1)C)C(=O)O)C,3.015355777510896,3.485232962720311
OC(=O)c1ccc(cc1Cl)/C=C(/N=C/c1ccc(C(=O)O)cc1)\C,2.502974762031977,3.2257441589229376
OC(=O)c1c(c(c(cc1F)C(=O)N[N][N]c1c(F)c(c(C(=O)O)cc1F)F)F)F,3.3032882008734523,3.05605510730834
Nc1c(C(=O)O)c(cc(c1C(=O)O)NCC(=O)NCc1c(N)c(c(N)c(c1)C(=O)O)C(=O)O)N,3.1353639791991608,4.049675049320205
O=C(O)c1c(F)cc(cc1F)C(=O)N/N=C/c1cc(c(C(=O)O)cc1)F,2.354014324628496,3.1824852143008444
